Pos,HAmin_ligand,scHAmin_ligand,binding_partner
0,8.84094067393284,9.96355624262743,RAF
1,11.7123009268034,13.9687444675604,RAF
2,11.9247916962939,14.2399412217888,RAF
3,5.37190450399111,5.37190450399111,RAF
4,10.7724276743917,12.9921136848474,RAF
5,7.07164379759049,7.07164379759049,RAF
6,11.2496009262551,12.607725171497,RAF
7,12.2366512575949,12.2366512575949,RAF
8,11.4657122761737,11.4657122761737,RAF
9,14.4492724384309,14.9182217103782,RAF
10,15.4828382733916,17.5237903148834,RAF
11,15.0402470059504,18.2301539763108,RAF
12,14.0663688633563,14.4214906996468,RAF
13,12.4572105224244,12.4572105224244,RAF
14,13.3751039248299,14.9435351239257,RAF
15,11.2228282531633,11.3901677336201,RAF
16,10.5240886066205,12.1373515232937,RAF
17,7.08417447554759,7.08417447554759,RAF
18,8.06117379790313,8.59888161332623,RAF
19,10.1526649703415,12.5078696827238,RAF
20,7.39660692480005,7.53386275425827,RAF
21,4.14975914963748,4.14975914963748,RAF
22,7.80523420532658,10.0270060337072,RAF
23,7.61507767524403,10.3148845849093,RAF
24,3.31786708594543,5.45500916589514,RAF
25,3.71459674796606,3.71459674796606,RAF
26,7.14013480264904,10.2261921554409,RAF
27,5.59166263288479,5.59166263288479,RAF
28,7.88280273760545,9.95072168237058,RAF
29,4.2053265033764,4.2053265033764,RAF
30,6.78708670933266,7.8194780516349,RAF
31,2.75562225277704,2.75562225277704,RAF
32,6.32822826705864,8.2608244745909,RAF
33,4.18215757713647,4.18215757713647,RAF
34,5.70293871613575,6.50929036070753,RAF
35,6.08593402856127,7.19390366907981,RAF
36,3.8859410700627,3.8859410700627,RAF
37,2.63916388274772,2.63916388274772,RAF
38,2.62231157569043,2.62231157569043,RAF
39,2.88951864503415,3.81784192967702,RAF
40,3.31294083859039,3.3784662200472,RAF
41,2.94883451553321,2.94883451553321,RAF
42,6.08428492100756,7.48618474257749,RAF
43,7.35031591157822,7.88710149547982,RAF
44,10.6091657541958,12.3312031854154,RAF
45,14.085182355937,15.3911539203531,RAF
46,15.434915257299,15.434915257299,RAF
47,19.8232531386753,21.5136885958684,RAF
48,19.1928521590721,20.2492046510474,RAF
49,15.6609163524999,16.6215441220123,RAF
50,12.1794318833023,12.1794318833023,RAF
51,10.0507459424662,12.8244223651594,RAF
52,5.53354298799603,5.53354298799603,RAF
53,7.31414800233083,9.91413198419307,RAF
54,6.20855426005121,6.39835400708651,RAF
55,6.78600368405441,8.05233040802475,RAF
56,6.85570083944741,7.39668723145706,RAF
57,7.09116781637552,7.09116781637552,RAF
58,9.41616593948939,10.7444233907642,RAF
59,9.10731123877953,9.10731123877953,RAF
60,11.734827352799,13.1883808331425,RAF
61,7.63464471995914,8.65971113836945,RAF
62,12.2417424821796,15.3092563176661,RAF
63,8.55398234742158,9.47695547103604,RAF
64,4.02776190954729,5.97363298169548,RAF
65,10.298552568201,12.4081769813297,RAF
66,8.3681852871456,9.08134351293904,RAF
67,3.87826275540995,3.87826275540995,RAF
68,8.5495516256702,10.7543192253159,RAF
69,10.5780619680545,12.1924130917551,RAF
70,7.25444725668331,7.25444725668331,RAF
71,3.94895593796639,3.94895593796639,RAF
72,10.852942366013,13.2195609987624,RAF
73,12.0149645026525,12.0149645026525,RAF
74,8.54407010739027,8.54407010739027,RAF
75,12.2323178506774,12.6829191040549,RAF
76,11.6591517272913,11.6591517272913,RAF
77,15.5076509181758,17.0157227292878,RAF
78,15.1662795371838,15.1662795371838,RAF
79,15.4095976586023,15.4095976586023,RAF
80,18.4643143387454,20.2170465943965,RAF
81,16.216631832782,16.216631832782,RAF
82,18.361256084484,20.6474928502228,RAF
83,17.3281016559807,17.3281016559807,RAF
84,19.9028087465061,20.8306418048028,RAF
85,18.2137424490411,18.2137424490411,RAF
86,18.8820482734263,18.8820482734263,RAF
87,23.4798250845274,25.9100288498489,RAF
88,22.4162249721045,23.1094001003921,RAF
89,19.8149417612064,19.8149417612064,RAF
90,22.7954102617172,24.3766885979208,RAF
91,25.4257980012428,27.174004875984,RAF
92,21.4517812080955,22.4817839149833,RAF
93,22.0959292857304,22.0959292857304,RAF
94,24.3084968272413,26.8512581083271,RAF
95,18.7033760054168,18.7033760054168,RAF
96,17.2155690873116,17.2155690873116,RAF
97,22.2126805226204,24.0270581636621,RAF
98,21.7606593650101,23.6833766384779,RAF
99,18.2714388322321,18.2714388322321,RAF
100,18.429184273863,18.429184273863,RAF
101,21.1473232821556,23.4215991341326,RAF
102,16.3939589483444,16.3939589483444,RAF
103,14.7909235005797,14.7909235005797,RAF
104,15.0470525352974,15.0470525352974,RAF
105,20.4580248069065,21.4827822453238,RAF
106,22.4825817912445,22.4825817912445,RAF
107,25.3421198205675,27.5330153996979,RAF
108,22.2509186551926,24.7732414915772,RAF
109,19.7738730146626,19.7738730146626,RAF
110,19.7282526849187,19.7282526849187,RAF
111,21.8893264857556,22.2772303709415,RAF
112,20.5569958165098,21.1688929800309,RAF
113,22.236396762965,23.7090654813723,RAF
114,18.5273443590818,18.5273443590818,RAF
115,19.6671517256567,20.6782667793991,RAF
116,13.8058110953323,13.8058110953323,RAF
117,13.5312456558884,13.5312456558884,RAF
118,18.8354438492965,20.9928353968681,RAF
119,16.562257243504,16.562257243504,RAF
120,17.4863325199997,17.4863325199997,RAF
121,21.2028636745134,21.2028636745134,RAF
122,24.8839632494504,25.4171616432677,RAF
123,24.4902802964768,24.5467676079764,RAF
124,24.4907641775425,24.4907641775425,RAF
125,24.5205417966243,24.5205417966243,RAF
126,27.9193347521032,29.9801612570713,RAF
127,28.6281434431225,28.6281434431225,RAF
128,31.1780595611722,33.4595153282291,RAF
129,29.3992195304569,29.3992195304569,RAF
130,26.7911666599273,26.7911666599273,RAF
131,29.5627098385787,30.3660638707094,RAF
132,31.8890110382872,33.438981937254,RAF
133,27.0792840378028,27.0792840378028,RAF
134,28.2613575753183,28.2613575753183,RAF
135,31.0608130769302,33.4455037486356,RAF
136,31.5027414362623,31.5027414362623,RAF
137,27.6649056025861,27.6649056025861,RAF
138,29.3132231083516,30.8353773772918,RAF
139,25.2022467649216,25.2022467649216,RAF
140,25.0486922612738,25.4873603380185,RAF
141,24.2808665825584,24.2808665825584,RAF
142,21.1330901195258,21.2831098526508,RAF
143,21.1006902967652,23.2381235257927,RAF
144,17.3466148859079,17.3466148859079,RAF
145,15.4206039440743,16.4087250875868,RAF
146,11.8682818048781,11.8682818048781,RAF
147,13.4441320285097,13.9795108998849,RAF
148,15.7128719844591,17.9639193384963,RAF
149,11.0950687244379,12.2735858248517,RAF
150,17.3611143651553,19.7356829625934,RAF
151,17.5928472112958,19.0671933173186,RAF
152,12.6845512731038,12.9875679786479,RAF
153,13.2137436784584,14.5455054570132,RAF
154,17.6493338684495,20.7564095642768,RAF
155,17.6340373993025,17.8458268511156,RAF
156,12.4709856466921,12.5602637313076,RAF
157,14.7980454114724,15.8943673670895,RAF
158,19.7240579242711,21.6208771561193,RAF
159,16.5732340235695,16.5732340235695,RAF
160,15.6444216575749,15.6444216575749,RAF
161,20.1940524660109,21.8248405950651,RAF
162,21.1111232292363,22.3820436287663,RAF
163,16.0020082802128,16.0020082802128,RAF
164,18.2201734624015,18.2201734624015,RAF
165,22.1125643243836,24.1548128951561,RAF
166,19.8786464579458,19.8786464579458,RAF
167,14.8735855461956,14.8735855461956,RAF
1,6.6410012799276,6.6410012799276,K27
2,9.3828100268523,12.3908450478569,K27
3,5.67619494027469,5.67619494027469,K27
4,9.6909196158053,11.9535596790245,K27
5,5.42200940611504,5.66429889748061,K27
6,9.43502792788659,11.5388160137858,K27
7,9.96484109256138,9.96484109256138,K27
8,12.4931791390342,12.5919290420491,K27
9,14.9396143524523,14.9396143524523,K27
10,14.5742481109661,16.7964268819294,K27
11,13.578283433483,15.6628007074086,K27
12,9.14241909999755,9.14241909999755,K27
13,11.399204928415,12.0007110622663,K27
14,14.0197027429258,15.7126451942377,K27
15,12.1308501763067,12.9132779726915,K27
16,11.0792010993573,12.1030037593979,K27
17,7.60448249389793,8.13611885360582,K27
18,8.485684120918,9.25863083830433,K27
19,10.2359469029494,12.4648053735307,K27
20,7.3870149586961,7.68319848760918,K27
21,4.17302228606557,4.17302228606557,K27
22,8.07988663286806,9.94826401941564,K27
23,8.84120523458199,9.68159289579974,K27
24,3.39524697187112,3.39524697187112,K27
25,3.0097368655748,3.67124256894038,K27
26,8.7690058729596,10.8479290650336,K27
27,4.74274972985082,4.74274972985082,K27
28,6.61578060398015,8.69443149377807,K27
29,3.4092436111255,3.4092436111255,K27
30,3.79146264652574,3.85827629907449,K27
31,2.69846715748033,2.69846715748033,K27
32,2.73114554720176,2.73114554720176,K27
33,2.73426516636554,2.73426516636554,K27
34,4.25084285759894,4.25084285759894,K27
35,3.24836466548939,3.24836466548939,K27
36,3.4264944184983,3.4264944184983,K27
37,3.50359886402539,5.78551086767625,K27
38,2.75048395741549,2.75048395741549,K27
39,2.84140546209091,3.89561625420164,K27
40,3.20214693604151,3.60007027709183,K27
41,2.85268960807165,2.92624093334776,K27
42,4.47141241667552,6.34118766478331,K27
43,4.64370918555415,4.82842562332693,K27
44,7.64827464203529,9.58089546963122,K27
45,11.2318616889632,12.3037414634736,K27
46,13.181145359945,13.181145359945,K27
47,16.9649312995956,18.7085337747243,K27
48,16.3093767814714,17.2360708399565,K27
49,12.7412643014734,14.9891938742549,K27
50,9.11374621108137,9.11374621108137,K27
51,7.54530218082748,10.3721647210214,K27
52,3.30309884805162,3.30309884805162,K27
53,6.22439250047746,8.36648187710939,K27
54,4.49438115873587,4.49438115873587,K27
55,7.12504638581392,8.12780966804711,K27
56,6.75629906087645,6.75629906087645,K27
57,6.80603056120085,6.80603056120085,K27
58,10.0497877589529,11.0761210267855,K27
59,8.27892342034881,8.28989601864824,K27
60,6.93677295289388,6.93677295289388,K27
61,9.12694532688785,11.3767102890071,K27
62,8.78190121784571,8.78190121784571,K27
63,5.81641547690671,5.81641547690671,K27
64,7.21033210053462,8.10046794944588,K27
65,5.5241291621395,5.5241291621395,K27
66,3.60552076682413,5.59512725503183,K27
67,3.30952217094855,3.30952217094855,K27
68,6.59552734813524,8.11525021179261,K27
69,8.64547719909086,10.3043040036676,K27
70,3.41504626615804,3.55931650742105,K27
71,2.78832871089475,2.78832871089475,K27
72,9.74065393082005,12.1771777929042,K27
73,7.62908500411419,9.11876905069977,K27
74,6.39360227102062,7.24687256683875,K27
75,9.8524410173317,10.0913492160365,K27
76,11.2860559098385,11.2860559098385,K27
77,13.0855665907136,14.5068333208871,K27
78,13.5687256955102,13.5687256955102,K27
79,15.1356197098104,15.1356197098104,K27
80,19.0035424592364,19.6391870249254,K27
81,17.1427935588107,17.1427935588107,K27
82,19.7325579690014,21.2017813166724,K27
83,18.6656513682218,18.6656513682218,K27
84,20.9599256916622,21.1043983567407,K27
85,17.838513250829,17.838513250829,K27
86,17.7288399507695,17.7288399507695,K27
87,22.2869319557448,23.7506972108189,K27
88,16.30496347742,16.30496347742,K27
89,18.6368559848489,18.6368559848489,K27
90,21.716299178267,24.0796896574686,K27
91,23.1620526076598,23.7162972868869,K27
92,18.0912267135206,18.0912267135206,K27
93,21.9267778982686,21.9267778982686,K27
94,24.5455051078604,26.3435347096778,K27
95,21.9737684751615,22.1628331221439,K27
96,15.7933965947797,15.7933965947797,K27
97,21.7790996370373,23.3201664230768,K27
98,22.4261405507056,24.9437606226487,K27
99,16.3976047946034,16.3976047946034,K27
100,17.27964290719,17.27964290719,K27
101,20.1761345158085,22.7498757359244,K27
102,18.0082139036607,21.5687696913848,K27
103,14.7257498960155,15.1828158455538,K27
104,12.8236540814231,14.0051018561094,K27
105,17.8532669839444,19.5612395057164,K27
106,19.833950791509,21.174306458536,K27
107,23.0897446932616,26.5989479115246,K27
108,20.7251556327088,23.5986654919298,K27
109,17.6266493979996,17.6266493979996,K27
110,17.6057276475583,18.1888703057667,K27
111,19.6788186129148,19.6989521041095,K27
112,20.3296635732124,20.7125684066462,K27
113,22.7258176530571,24.5519273988826,K27
114,18.8893373361799,18.8893373361799,K27
115,20.5447614977639,21.6898160895845,K27
116,14.8052105692557,14.8052105692557,K27
117,13.8071843255604,13.8071843255604,K27
118,19.1666641072462,20.8948057420977,K27
119,15.4609242608584,15.4609242608584,K27
120,16.09959083331,16.09959083331,K27
121,19.5256199133344,19.5256199133344,K27
122,21.7280227586405,22.2439849622319,K27
123,23.9600844113705,24.4606891767178,K27
124,24.4119561076125,24.4119561076125,K27
125,24.9606517943743,24.9606517943743,K27
126,28.7937192630615,29.7113064505753,K27
127,28.0438508411381,28.0438508411381,K27
128,32.0169826654543,34.5660681160007,K27
129,29.4695539328304,29.4695539328304,K27
130,28.0369999108321,28.0369999108321,K27
131,30.5199290628271,31.046572709399,K27
132,32.7733491422528,34.8075901061823,K27
133,27.857566171509,27.857566171509,K27
134,28.461101489577,28.461101489577,K27
135,30.6621676500537,32.897385260838,K27
136,30.5731224934582,31.0379515110131,K27
137,26.4176776609906,26.4176776609906,K27
138,26.8384826135905,28.5611140013831,K27
139,23.9006864754969,23.9006864754969,K27
140,24.4050668099885,24.4050668099885,K27
141,25.0410382771961,25.0410382771961,K27
142,21.5635236684546,21.5635236684546,K27
143,21.151454914497,23.28675788941,K27
144,17.5355742135808,17.5355742135808,K27
145,14.9763776995641,16.1739606157552,K27
146,11.3138538968824,11.8384742682493,K27
147,11.9202081357668,11.9202081357668,K27
148,14.8636736374289,17.0731821872784,K27
149,11.920839148315,11.920839148315,K27
150,17.302602578803,19.4417597454551,K27
151,18.626350850341,19.8350177716079,K27
152,13.6711766135911,13.6711766135911,K27
153,14.3755454157399,14.3755454157399,K27
154,18.0291764925634,20.3497965837499,K27
155,17.3742106007726,17.710995172491,K27
156,11.9827876973599,11.9827876973599,K27
157,14.0091733874629,14.0091733874629,K27
158,18.6659221845587,20.9273235030187,K27
159,15.5987256851321,15.5987256851321,K27
160,13.7976299776447,13.7976299776447,K27
161,18.2177571890724,19.3851940150208,K27
162,20.36873842436,20.9676223735549,K27
163,14.9515461073429,14.9515461073429,K27
164,14.8555003618188,14.8555003618188,K27
165,21.5462168373012,24.3315265858926,K27
1,8.64902474270944,9.58749320729877,PI3
2,9.89266693061077,11.685578505149,PI3
3,4.86978942049859,4.86978942049859,PI3
4,10.8119629115161,13.2212526259806,PI3
5,8.1998929871066,8.1998929871066,PI3
6,10.94657960278,13.2893735367774,PI3
7,11.6657295528398,11.6657295528398,PI3
8,12.2404354906188,12.7907887559759,PI3
9,13.5518439704713,13.5518439704713,PI3
10,15.0505981276493,16.6768274560841,PI3
11,15.0647056061511,18.3012803104045,PI3
12,13.9086857035451,13.9086857035451,PI3
13,12.9738770612335,12.9738770612335,PI3
14,13.7835008978126,15.0670515031973,PI3
15,11.616896745689,11.7175305845558,PI3
16,9.91717056422849,12.0156513348216,PI3
17,6.71021713508587,6.78659539091583,PI3
18,8.47507292004028,9.44648453129523,PI3
19,10.0912178155067,12.0850655769838,PI3
20,7.16107031106385,7.16107031106385,PI3
21,3.66802017442653,3.66802017442653,PI3
22,7.68628915667372,10.092334615935,PI3
23,8.67698847527182,10.1334126038566,PI3
24,4.66254469147482,4.66254469147482,PI3
25,2.95471521470345,2.95471521470345,PI3
26,8.2681406615998,10.2401736801677,PI3
27,5.93031162756226,6.55815294118703,PI3
28,8.58980762299134,10.9659714571943,PI3
29,4.81190450861195,4.81190450861195,PI3
30,7.81905710428054,9.18848855906128,PI3
31,5.10201068207428,5.10201068207428,PI3
32,6.57375052766683,8.48119620100844,PI3
33,3.60141194533477,3.60141194533477,PI3
34,6.00161628230263,7.76460436854319,PI3
35,6.24625735941131,6.85677336653326,PI3
36,3.27666049507727,3.27666049507727,PI3
37,3.1100504819054,3.29989908936622,PI3
38,3.23371009832359,3.23371009832359,PI3
39,2.59228644250592,2.59228644250592,PI3
40,3.19979843115156,3.34111164135532,PI3
41,2.86281365093853,3.27610805682597,PI3
42,5.02170548718262,6.20903325808455,PI3
43,6.75344726787734,7.78663399679219,PI3
44,10.0320393240856,10.7690646761917,PI3
45,13.5076929562379,14.6080387458413,PI3
46,15.4804972788344,15.4804972788344,PI3
47,19.29173175223,21.5789232585873,PI3
48,19.2573366019291,19.8315757064334,PI3
49,15.9417681892568,16.2957665054455,PI3
50,13.6935384397167,13.6935384397167,PI3
51,10.7319320255022,13.5672565391829,PI3
52,6.80057651967831,6.80057651967831,PI3
53,6.86555780690833,9.4299422055493,PI3
54,6.85640029461524,7.45293465689859,PI3
55,6.58530204318678,9.14674018434983,PI3
56,6.6541482550361,6.6541482550361,PI3
57,7.20093882768074,7.40735809853959,PI3
58,8.85227394515104,9.75111655145194,PI3
59,8.6416536033331,8.6416536033331,PI3
60,11.4497579450397,12.8424674031122,PI3
61,7.84079670696799,7.84079670696799,PI3
62,10.023709143825,12.6587659351139,PI3
63,4.19307178569602,4.19307178569602,PI3
64,3.45943897185656,3.45943897185656,PI3
65,8.80685619276255,10.6823477756531,PI3
66,8.09991969095991,8.09991969095991,PI3
67,5.00985997808322,5.00985997808322,PI3
68,9.42671825186263,11.7030866868532,PI3
69,6.65319058798109,6.65319058798109,PI3
70,4.20807854014158,4.20807854014158,PI3
71,7.80304671266295,8.42063471479437,PI3
72,9.87122474670696,10.427344532526,PI3
73,3.72050386372599,3.72050386372599,PI3
74,8.57105046070784,8.57105046070784,PI3
75,11.0980824469816,12.4506913061083,PI3
76,10.8145843655686,10.8145843655686,PI3
77,15.4579662957324,17.2117003517956,PI3
78,13.6051656366249,13.6051656366249,PI3
79,15.3687546339969,15.3687546339969,PI3
80,18.7673568996809,19.6448767112446,PI3
81,16.2364140437475,16.2364140437475,PI3
82,18.8464015398166,20.5487880421206,PI3
83,18.1980594844615,18.1980594844615,PI3
84,20.7743078344382,21.8747476785448,PI3
85,19.2795000194507,19.2795000194507,PI3
86,19.4508064871357,19.4508064871357,PI3
87,23.8713140400775,26.1771883134916,PI3
88,20.2434615123007,20.2434615123007,PI3
89,19.9180784715795,19.9180784715795,PI3
90,22.9259889863011,24.7544208778957,PI3
91,23.6615962479288,25.498214153152,PI3
92,19.4482982803123,19.4482982803123,PI3
93,20.6028559428056,20.7697208936471,PI3
94,18.7917022645635,21.9457299719103,PI3
95,16.2604983010977,18.9194861980975,PI3
96,14.5364899133181,14.5364899133181,PI3
97,15.7768248072925,18.6381613631817,PI3
98,13.2181049322511,15.9451650665648,PI3
99,10.683695100479,11.3090723315398,PI3
100,11.3863852912151,13.7297265085653,PI3
101,11.2127504208379,14.2066817378303,PI3
102,8.35705193235031,9.01150941851586,PI3
103,6.72875293052137,7.04035119862639,PI3
104,8.83939172115367,10.1381458363943,PI3
105,9.05293609830535,9.63562831371157,PI3
106,12.1883230593876,13.7135584368172,PI3
107,15.717241806373,16.2214189884856,PI3
108,17.3862677421004,18.6465699258604,PI3
109,14.3589285811999,14.3589285811999,PI3
110,16.8064408486747,16.8064408486747,PI3
111,16.8861144435302,16.8861144435302,PI3
112,20.7913603210564,21.4699985561248,PI3
113,22.408829264377,24.1442083117256,PI3
114,18.3640019059028,18.3640019059028,PI3
115,20.3415343816537,21.4136420302573,PI3
116,14.6857556496082,14.6857556496082,PI3
117,14.5304039861251,14.5304039861251,PI3
118,19.7172277970307,21.7139588744199,PI3
119,17.650883518963,17.650883518963,PI3
120,18.4488224827494,18.4488224827494,PI3
121,23.3995154650689,25.5093206691201,PI3
122,24.5397601862773,25.2012095146245,PI3
123,25.6034927500136,25.6034927500136,PI3
124,25.4167720019675,25.4167720019675,PI3
125,25.1791816189486,25.1791816189486,PI3
126,29.0193421875824,31.3184231723119,PI3
127,28.294338744703,28.294338744703,PI3
128,31.5908376273881,33.9527844218998,PI3
129,29.9933680169467,29.9933680169467,PI3
130,27.3588771333913,27.3588771333913,PI3
131,30.0250346710874,30.6388311297934,PI3
132,29.4728950223761,32.345277568758,PI3
133,25.7349005632429,25.7349005632429,PI3
134,26.5867479959472,28.044965787107,PI3
135,27.8747937929593,30.4801149112007,PI3
136,25.1743224337816,26.7615599694786,PI3
137,22.7308416034251,22.7308416034251,PI3
138,24.9181226018334,25.5235421914749,PI3
139,22.6598659086942,22.6598659086942,PI3
140,25.1725134422449,25.7262225948545,PI3
141,24.8520808183138,24.8520808183138,PI3
142,21.3293805817234,21.3293805817234,PI3
143,21.2547183232335,23.4892479658247,PI3
144,17.344327285888,17.344327285888,PI3
145,15.8140789804528,17.4905997038409,PI3
146,12.3485421811645,12.3485421811645,PI3
147,14.4529016463823,15.2596737186612,PI3
148,16.7257329286343,19.1081851309851,PI3
149,13.0239479805472,13.0239479805472,PI3
150,18.1381878918485,20.1471925587661,PI3
151,18.0492380448594,19.386496408583,PI3
152,13.1990195090393,13.1990195090393,PI3
153,15.7737492372613,16.2371527368563,PI3
154,18.0970807866904,20.3730965000414,PI3
155,17.6497476752502,17.6497476752502,PI3
156,12.0013150112811,12.0013150112811,PI3
157,13.8153623911934,13.8153623911934,PI3
158,19.2922965195956,21.3995356958977,PI3
159,15.8872557101596,16.9370084135304,PI3
160,15.076361994858,15.1131617142145,PI3
161,19.5625517251712,21.1960125259446,PI3
162,20.9069630984512,22.1341782996343,PI3
163,15.9975848489702,15.9975848489702,PI3
164,18.1254621458323,18.1254621458323,PI3
165,21.2930567321839,23.7095425092936,PI3
166,15.6548600760275,15.6548600760275,PI3
1,11.7784610624648,11.7784610624648,RAL
2,13.9995197417626,16.6977713782409,RAL
3,8.54685450911621,8.54685450911621,RAL
4,10.4356821051621,13.2733130001518,RAL
5,10.4305451918871,10.4305451918871,RAL
6,9.79445705488569,12.2585015805359,RAL
7,10.0713465336071,10.0713465336071,RAL
8,11.3641757730158,11.7392391576286,RAL
9,13.0233134800634,13.0233134800634,RAL
10,13.9209847352836,15.7786041841476,RAL
11,13.5979322692827,16.4406034256654,RAL
12,12.335448512316,12.335448512316,RAL
13,11.8030785814549,12.2512147152844,RAL
14,13.6027975063955,14.6383486773611,RAL
15,12.669681329852,13.0050801227828,RAL
16,10.9071157507381,11.3348384637806,RAL
17,6.94061805605236,6.94061805605236,RAL
18,9.53466984221268,11.0412990630632,RAL
19,11.4119571502876,13.2523787298734,RAL
20,7.57400402693317,7.57400402693317,RAL
21,5.14080227201941,5.14080227201941,RAL
22,9.55340201184897,12.3545930325527,RAL
23,8.36014766615997,10.2322927049611,RAL
24,3.83804820188595,3.83804820188595,RAL
25,3.07943598731976,3.90799155577389,RAL
26,7.47202951011304,9.36208192658022,RAL
27,5.60200821134706,5.60200821134706,RAL
28,9.07205869690006,11.0611050080903,RAL
29,5.07655247190454,5.07655247190454,RAL
30,8.31685956356124,10.5720057699568,RAL
31,2.97700335908444,3.17691564256906,RAL
32,7.46948793425627,9.34424084663917,RAL
33,2.96998013461369,2.96998013461369,RAL
34,3.4424876179879,6.08810142819582,RAL
35,4.48600534997452,5.2299278197696,RAL
36,3.68505753008008,3.68505753008008,RAL
37,2.58874274504054,2.96347532468216,RAL
38,3.20522152120567,3.5634693768854,RAL
39,2.78841227224383,3.41904928306101,RAL
40,3.37815186159533,3.41401552427636,RAL
41,2.89450185696952,3.91739275539228,RAL
42,5.07426930700372,5.57482681345349,RAL
43,7.6665393105364,9.565333710854,RAL
44,10.6952132751058,11.01898266629,RAL
45,13.8030252118874,15.7794016679974,RAL
46,14.537082822905,14.9757687615695,RAL
47,19.758186657687,21.7178870058761,RAL
48,21.0496762920478,21.4630138610587,RAL
49,17.2606484524771,20.1638378539404,RAL
50,14.034208563364,14.034208563364,RAL
51,11.6744294078983,14.6974545415184,RAL
52,7.81437425517872,7.81437425517872,RAL
53,6.68102784008568,9.97088932844006,RAL
54,6.60454040793149,6.60454040793149,RAL
55,6.84310967324067,8.55047951871707,RAL
56,3.97945435958248,3.97945435958248,RAL
57,7.1807599180031,7.39758075319223,RAL
58,8.69641822821328,8.69641822821328,RAL
59,8.4366562689255,8.4366562689255,RAL
60,10.4077917446498,11.6670051427091,RAL
61,8.31093273947034,8.31093273947034,RAL
62,10.0150256115499,12.7908855831017,RAL
63,6.76573987084931,8.32585142793215,RAL
64,4.07805259897417,4.07805259897417,RAL
65,8.34956202444175,10.6893506818702,RAL
66,8.29718831894275,8.29718831894275,RAL
67,4.36364755680382,4.36364755680382,RAL
68,10.040396406517,11.6797637390488,RAL
69,11.5351922827493,13.1658414846906,RAL
70,7.66813464931335,7.66813464931335,RAL
71,8.22989362021163,8.22989362021163,RAL
72,11.2460704692795,13.6171748171197,RAL
73,12.5429531610383,12.5895730666294,RAL
74,8.89556265786488,8.89556265786488,RAL
75,11.36074834683,11.6415411350903,RAL
76,13.4202759286089,14.3883256496369,RAL
77,13.7923612554196,15.7293471892511,RAL
78,13.1484717362894,13.1484717362894,RAL
79,14.8985218729913,15.5199665914589,RAL
80,17.8548230178851,18.598503541952,RAL
81,16.6473382857441,16.6473382857441,RAL
82,18.8069328440339,20.3845761790624,RAL
83,18.7196751307281,18.7196751307281,RAL
84,21.8092871272768,23.6135239428595,RAL
85,20.3806962344273,20.3806962344273,RAL
86,18.3933575238454,18.3933575238454,RAL
87,23.559751717707,25.7898073858647,RAL
88,21.6921042086746,21.6921042086746,RAL
89,19.0692898923898,19.0692898923898,RAL
90,22.128216783103,24.2802562795371,RAL
91,23.9039192184043,25.1945501646686,RAL
92,19.4395859266601,19.4395859266601,RAL
93,19.8936175694618,19.8936175694618,RAL
94,23.1636205719227,25.1852773063947,RAL
95,20.1426304637701,20.4040204371589,RAL
96,14.3260301200298,14.3260301200298,RAL
97,20.5797286182301,22.4168931388808,RAL
98,21.944449890576,22.8026795574555,RAL
99,15.0257510294827,15.0257510294827,RAL
100,16.7246536884923,16.7246536884923,RAL
101,20.3969473696433,22.8048202360817,RAL
102,20.0893722400676,20.0893722400676,RAL
103,15.3666356434972,15.3666356434972,RAL
104,15.5768595358628,15.5768595358628,RAL
105,20.7593652118749,22.3345557153036,RAL
106,22.7804212647615,22.7804212647615,RAL
107,25.450784152949,27.6297551744492,RAL
108,23.0273883017593,25.232643044279,RAL
109,18.6727254036469,18.6727254036469,RAL
110,18.4701685428152,19.6648667424928,RAL
111,19.5833176453838,19.5833176453838,RAL
112,20.0061351839879,20.9340091477959,RAL
113,22.3869613391367,23.6172905516276,RAL
114,19.0724725979617,19.4908380014816,RAL
115,21.6204630153935,22.3277141911124,RAL
116,16.2034789474359,16.2034789474359,RAL
117,15.8494737767536,15.8494737767536,RAL
118,21.4257729382163,22.5852835713878,RAL
119,18.6688308418069,18.6688308418069,RAL
120,19.8916963831645,19.8916963831645,RAL
121,24.6205643517772,26.6846136378251,RAL
122,25.8144268772328,25.8760565967846,RAL
123,27.1823798443036,27.3485195394559,RAL
124,25.4817060849544,25.4817060849544,RAL
125,25.5239728882476,25.5239728882476,RAL
126,29.5315000296294,31.8699260275263,RAL
127,29.8053350090215,29.8053350090215,RAL
128,32.2504790196983,34.518421762879,RAL
129,30.2900775502474,30.2900775502474,RAL
130,27.7809809762003,27.7809809762003,RAL
131,30.4505566123183,31.4339455207265,RAL
132,32.0750159158183,34.1838749266376,RAL
133,27.1877888766262,27.1877888766262,RAL
134,27.909444297585,27.909444297585,RAL
135,30.3840521655687,32.7751500988173,RAL
136,30.3248479303689,30.6828984778166,RAL
137,25.4714778526885,25.4714778526885,RAL
138,27.9049972048019,29.1151052376597,RAL
139,23.6754063534293,23.6754063534293,RAL
140,23.6146886704017,24.8136276670704,RAL
141,24.8371561375291,25.7901557575754,RAL
142,21.3165404322559,22.1440421558486,RAL
143,22.4371948558638,24.8241948912749,RAL
144,18.7089428081867,18.7089428081867,RAL
145,16.9692602667294,18.3684802855326,RAL
146,13.3337829965843,13.6279786101975,RAL
147,14.7840931409404,15.2888072458253,RAL
148,16.8285461641819,19.1821304604051,RAL
149,11.9168107310639,12.8183554717444,RAL
150,18.6480031638779,21.3516917596709,RAL
151,18.3806301306566,20.1598783974507,RAL
152,13.7547340214197,14.094071200331,RAL
153,14.7832501500854,14.8300112609532,RAL
154,17.712480176418,20.3948220389392,RAL
155,16.6551204738963,18.2496279414129,RAL
156,11.3069122221763,12.6060066238282,RAL
157,13.0409461696611,13.0409461696611,RAL
158,18.1772029476485,21.1159110861928,RAL
159,15.7077215088631,16.247246197433,RAL
160,14.3488999229906,15.3595975858744,RAL
161,18.8363168905176,20.5263512831677,RAL
162,20.7740210358996,21.7776482660548,RAL
163,16.0646766229514,16.0646766229514,RAL
164,20.3094632622332,20.8794085404735,RAL
165,23.2212582346435,25.1807228450654,RAL
166,21.6449525987007,21.6449525987007,RAL
167,18.6253955931143,18.6253955931143,RAL
1,13.6613681964875,14.319253227735,SOS1
2,13.4056134883861,15.3567158272855,SOS1
3,6.7505918999744,6.7505918999744,SOS1
4,8.64968641050067,11.6582771025568,SOS1
5,6.80575499118209,6.80575499118209,SOS1
6,7.17291921047491,9.60790887758622,SOS1
7,8.71456923777648,8.71456923777648,SOS1
8,7.99405366506881,7.99405366506881,SOS1
9,11.0106773633596,12.2537763158954,SOS1
10,9.92450008816565,11.5484394616762,SOS1
11,7.78068640930863,9.50547221341475,SOS1
12,4.97451525276584,5.93417947150236,SOS1
13,4.68893687310887,5.48061073239106,SOS1
14,7.11878149685745,9.13124903832986,SOS1
15,4.9192228044682,5.02217542505238,SOS1
16,5.11458268092324,6.9131811780106,SOS1
17,2.86386801371851,2.86386801371851,SOS1
18,2.68343716155233,3.5106607640158,SOS1
19,5.40576738308263,7.56058536093602,SOS1
20,4.48002064727385,4.48002064727385,SOS1
21,3.61874950777199,3.74772317547601,SOS1
22,5.44146469252535,6.40635411134914,SOS1
23,9.52011076616234,9.91677750078119,SOS1
24,7.94986308058195,7.94986308058195,SOS1
25,3.4947874041206,4.31352269033096,SOS1
26,6.95235859259288,10.3936796660278,SOS1
27,8.46052486551514,9.19677976250383,SOS1
28,9.51121411808188,11.804739133077,SOS1
29,6.48510269772191,7.53618351687378,SOS1
30,3.66681073959374,3.66681073959374,SOS1
31,2.93236849662521,2.93236849662521,SOS1
32,2.83584625817409,3.54387274037881,SOS1
33,3.70832077900496,3.70832077900496,SOS1
34,3.21747509702873,3.21747509702873,SOS1
35,4.24244681758063,4.24244681758063,SOS1
36,6.34561596694915,7.44837841412478,SOS1
37,4.04253497201941,4.04253497201941,SOS1
38,7.19054309492684,7.97113975539258,SOS1
39,5.9221635404639,6.14181569244796,SOS1
40,3.3086628719167,3.3086628719167,SOS1
41,2.77149869204371,2.77149869204371,SOS1
42,9.06825286369982,10.706934014927,SOS1
43,12.3068178259045,14.0546502624576,SOS1
44,14.5202565059988,14.5202565059988,SOS1
45,18.0331170073285,20.2607591911063,SOS1
46,16.5227063461165,16.5227063461165,SOS1
47,22.2720948722836,23.0077321350889,SOS1
48,23.2392345183743,24.1337108833267,SOS1
49,19.2544115983844,20.0091456089459,SOS1
50,17.4514670156981,17.9103143746837,SOS1
51,13.8378753788289,15.1144939048583,SOS1
52,9.04024900099549,9.04024900099549,SOS1
53,7.53507531481936,9.98562376619508,SOS1
54,2.97123290908,2.97123290908,SOS1
55,3.38191720773883,6.21700804245901,SOS1
56,3.7805757498032,3.7805757498032,SOS1
57,2.41717210806347,2.41717210806347,SOS1
58,3.91772153170692,4.79066801187475,SOS1
59,2.98295239653602,3.72966245121458,SOS1
60,2.87682011950695,3.52531218475754,SOS1
61,2.78699013274177,2.78699013274177,SOS1
62,5.09959498391784,5.09959498391784,SOS1
63,3.15264920344779,3.15264920344779,SOS1
64,3.39973601916384,3.39973601916384,SOS1
65,3.61557893013,3.61557893013,SOS1
66,3.74706885445143,3.74706885445143,SOS1
67,3.16076288259654,3.16076288259654,SOS1
68,4.68175020692048,4.68175020692048,SOS1
69,3.02371857156052,3.54704849135165,SOS1
70,3.33326356593654,3.33326356593654,SOS1
71,2.68593130962056,2.68593130962056,SOS1
72,7.6494458622831,7.6494458622831,SOS1
73,2.77048479512161,3.46327734956356,SOS1
74,7.24983758438766,7.24983758438766,SOS1
75,10.1451273525767,10.2409781271127,SOS1
76,11.005548646024,11.005548646024,SOS1
77,11.8684409254122,13.7170186629603,SOS1
78,10.8528703576519,10.8528703576519,SOS1
79,11.7264837440726,11.7264837440726,SOS1
80,12.822227653571,12.822227653571,SOS1
81,10.3565334451254,10.3565334451254,SOS1
82,12.2455295516364,14.2519861422891,SOS1
83,10.6054360589275,10.6054360589275,SOS1
84,12.4061595185617,14.5368432267807,SOS1
85,8.15962768758477,9.16686260396653,SOS1
86,5.62786611425681,5.62786611425681,SOS1
87,9.48701544217147,10.8943025935578,SOS1
88,8.28236608705507,8.28236608705507,SOS1
89,9.93629176302709,10.4318843456012,SOS1
90,12.4131878661366,13.8493417533109,SOS1
91,9.63646906288813,12.0079472017493,SOS1
92,7.95919424313793,8.73579967719041,SOS1
93,8.89105601152079,11.6179035974654,SOS1
94,7.00398822100666,7.67954686163188,SOS1
95,2.62041237212772,2.62041237212772,SOS1
96,6.33221706829449,7.86103739973294,SOS1
97,8.04240461553633,9.66044802273683,SOS1
98,5.47944613989407,5.47944613989407,SOS1
99,5.35026027404275,5.52558684666163,SOS1
100,7.20899167706552,9.32174774385147,SOS1
101,7.18091721161023,9.37510703938894,SOS1
102,3.05257694415718,3.05257694415718,SOS1
103,3.2806670053512,3.2806670053512,SOS1
104,6.10891291475006,8.58911887215447,SOS1
105,4.31269301017357,4.31269301017357,SOS1
106,8.17726133861454,10.2647983906164,SOS1
107,9.6326181799135,9.6326181799135,SOS1
108,12.2435216339091,12.9062281476813,SOS1
109,11.416642807761,11.416642807761,SOS1
110,15.5748898551483,15.5748898551483,SOS1
111,13.1867254843649,13.1867254843649,SOS1
112,16.95739903405,17.76514393412,SOS1
113,15.7801441691767,15.7801441691767,SOS1
114,12.7616505593908,12.7616505593908,SOS1
115,13.5048732685649,14.5505053520488,SOS1
116,7.955009679441,7.955009679441,SOS1
117,10.2393222920269,13.0584544644456,SOS1
118,8.78804875953701,8.78804875953701,SOS1
119,10.0135928117734,10.0135928117734,SOS1
120,11.2071516898809,11.2071516898809,SOS1
121,10.1795659043006,10.1795659043006,SOS1
122,11.56036331609,13.0898811682918,SOS1
123,13.7064810217649,15.362539796531,SOS1
124,10.8485621167047,10.8485621167047,SOS1
125,13.7141003715154,13.7141003715154,SOS1
126,17.6035531356599,18.1523733709948,SOS1
127,20.5110663789087,21.5823435706135,SOS1
128,22.6720623014317,24.2239689770277,SOS1
129,17.7567705678707,17.7567705678707,SOS1
130,19.7122778237321,20.1364785650322,SOS1
131,21.7790156113632,23.8534958863476,SOS1
132,19.6388895052648,21.5043067546945,SOS1
133,14.6063000448437,14.6063000448437,SOS1
134,18.3274215589646,19.5433229774263,SOS1
135,20.0714215988803,22.0901535983795,SOS1
136,16.5362717079758,16.5362717079758,SOS1
137,11.5911104299804,11.5911104299804,SOS1
138,18.7122665115694,19.789095810572,SOS1
139,16.3120071419798,16.3120071419798,SOS1
140,20.2678545731905,21.4037042822031,SOS1
141,17.927903112188,17.927903112188,SOS1
142,15.9720913470967,16.8842230795497,SOS1
143,15.285260710894,16.8491201847456,SOS1
144,11.3108401986767,11.3108401986767,SOS1
145,10.6688549057525,12.4437005749897,SOS1
146,7.1279577018947,7.1279577018947,SOS1
147,7.99736894234598,9.15209189202119,SOS1
148,10.1039994556611,13.6977242270386,SOS1
149,10.0934031426472,10.9489145580738,SOS1
150,13.1465038698507,15.5443474292104,SOS1
151,14.5953822149336,15.4941417961757,SOS1
152,11.005305493261,11.005305493261,SOS1
153,14.6709156155981,15.9413717101133,SOS1
154,16.8789599798092,18.2244789774633,SOS1
155,14.4359511290389,14.4359511290389,SOS1
156,9.42986245923025,9.42986245923025,SOS1
157,16.4603132412479,16.4603132412479,SOS1
158,18.780581673633,19.7763140144972,SOS1
159,13.5573400414683,13.5573400414683,SOS1
160,14.4965774236542,14.4965774236542,SOS1
161,18.7467433705164,21.1601526695816,SOS1
162,19.4877352198761,19.4877352198761,SOS1
163,14.3023769003617,14.3023769003617,SOS1
164,18.6046366532647,18.6046366532647,SOS1
165,22.102018143147,24.0892426198916,SOS1
166,16.3946161284734,16.3946161284734,SOS1
1,3.48368798832502,3.48368798832502,SOS2
2,6.56049655132902,8.81840535471125,SOS2
3,8.16389974215754,8.34524127871687,SOS2
4,11.1588006972076,11.8538597089724,SOS2
5,8.05595239558924,8.46739564447062,SOS2
6,9.9252037762456,12.6891835040715,SOS2
7,9.89352313384873,9.89352313384873,SOS2
8,11.2521589483974,12.1750622585677,SOS2
9,12.0488398196673,12.0488398196673,SOS2
10,10.64827295856,13.0082566472222,SOS2
11,10.1966899040816,11.1195360065067,SOS2
12,8.16906016626148,8.16906016626148,SOS2
13,8.89119682607465,9.44345005810906,SOS2
14,11.5226410167114,12.863048200174,SOS2
15,11.7682855590778,11.9825233152287,SOS2
16,9.86182118069477,9.86182118069477,SOS2
17,6.3141043703759,6.3141043703759,SOS2
18,9.6491620361563,11.1426738712034,SOS2
19,9.78398451552332,10.6535487984052,SOS2
20,8.57032449794056,9.46139656710361,SOS2
21,6.97714354159351,6.97714354159351,SOS2
22,4.28337553805407,4.28337553805407,SOS2
23,6.22748625048663,6.93247127653624,SOS2
24,3.26038985398986,3.57568510917838,SOS2
25,3.78738867823201,3.89837722648796,SOS2
26,2.98141392631081,3.77642833905266,SOS2
27,2.87650656178636,3.49032677553263,SOS2
28,4.71063785489821,5.46685878727446,SOS2
29,6.7782418074306,6.7782418074306,SOS2
30,7.02094053528443,8.16541474758019,SOS2
31,2.92592737435501,2.92592737435501,SOS2
32,5.38947075323728,6.41872417229468,SOS2
33,2.91054393541826,2.91054393541826,SOS2
34,2.69260115873109,3.78918117803834,SOS2
35,3.43037388632785,4.88490255788179,SOS2
36,3.30711747599023,3.30711747599023,SOS2
37,3.30404766914764,3.30404766914764,SOS2
38,2.67347751065911,2.67347751065911,SOS2
39,3.73570033594773,3.73570033594773,SOS2
40,6.24120485162921,6.24120485162921,SOS2
41,3.64928499846203,3.95785156366431,SOS2
42,3.71092832051497,4.08124013015652,SOS2
43,2.62817465173074,2.62817465173074,SOS2
44,3.42962228240954,3.42962228240954,SOS2
45,3.06965340063011,3.48465737196643,SOS2
46,6.03684180677281,6.95378098590975,SOS2
47,8.67031781424418,11.099981846832,SOS2
48,6.79668338235643,8.759725908954,SOS2
49,6.36140676265871,9.69117278764547,SOS2
50,2.71224630149992,4.19529677138579,SOS2
51,6.03493173117973,8.29138667533966,SOS2
52,4.80808839353022,4.80808839353022,SOS2
53,6.71921825810116,8.24162477913184,SOS2
54,7.29937812419661,7.29937812419661,SOS2
55,7.40190522770996,9.74243778527736,SOS2
56,4.00922448860126,4.00922448860126,SOS2
57,6.70451012378981,7.08291394836899,SOS2
58,8.26784258437472,8.52680180372453,SOS2
59,4.85699094090158,4.85699094090158,SOS2
60,6.56033680537821,7.36397976640349,SOS2
61,3.32619016293417,3.32619016293417,SOS2
62,4.96558294664383,7.7819723720918,SOS2
63,2.64410551983086,2.9224417872731,SOS2
64,3.40986729947075,3.8609932659874,SOS2
65,4.35244333679372,6.08881630532569,SOS2
66,3.30885252013444,4.15749600120072,SOS2
67,3.44199651365308,3.44199651365308,SOS2
68,6.9823997307516,8.81012939746063,SOS2
69,6.88826523879561,7.85322487899079,SOS2
70,2.76002336946628,3.0368172483704,SOS2
71,5.42251823417865,5.42251823417865,SOS2
72,8.06430368971804,10.3969638837499,SOS2
73,6.77535571021921,8.35430715260099,SOS2
74,5.05946647384879,5.15509243370087,SOS2
75,8.80881547087916,10.895613566936,SOS2
76,10.8016452913433,11.5106194881075,SOS2
77,13.9418857763217,15.8282707204546,SOS2
78,11.9331163574315,11.9331163574315,SOS2
79,13.3088686972259,13.3088686972259,SOS2
80,17.8265294995969,17.9926616430144,SOS2
81,15.6954038176786,16.2486600678333,SOS2
82,16.4634881176499,17.1026007963701,SOS2
83,15.3121592206978,15.3121592206978,SOS2
84,17.3501271465082,17.3501271465082,SOS2
85,15.9951392929227,15.9951392929227,SOS2
86,11.6072416189205,11.6072416189205,SOS2
87,16.1530219463728,17.7558594272426,SOS2
88,11.9999603749346,11.9999603749346,SOS2
89,13.4703715613193,13.4703715613193,SOS2
90,16.1601713790417,18.50792168235,SOS2
91,17.1411549494192,17.5389801870006,SOS2
92,12.1796213816358,12.1796213816358,SOS2
93,17.2035688448647,18.1093069994409,SOS2
94,16.4282807682362,18.2258239319928,SOS2
95,12.5754702894166,12.5754702894166,SOS2
96,10.7386145288859,10.7386145288859,SOS2
97,16.5703418492197,18.6449378920929,SOS2
98,14.3354560792463,14.8317801021995,SOS2
99,9.94101986719672,9.94101986719672,SOS2
100,14.6218672542189,14.7328182639982,SOS2
101,16.6942522743608,17.9487308743543,SOS2
102,9.98440609150088,9.98440609150088,SOS2
103,10.9353077231507,11.8876742048224,SOS2
104,9.72606163871071,11.1179870030505,SOS2
105,14.5183239046386,16.4929719274605,SOS2
106,16.4043388467808,17.72780169677,SOS2
107,19.5357635888644,23.0770812929192,SOS2
108,18.6885105880592,21.5810246281311,SOS2
109,15.8349055570281,17.1904372835597,SOS2
110,16.6660522320074,17.8932438925981,SOS2
111,18.6059555519194,18.6059555519194,SOS2
112,15.0345043483315,15.0345043483315,SOS2
113,16.2710149038098,19.2871615848471,SOS2
114,13.6118923739501,13.6118923739501,SOS2
115,14.6799337191964,16.5286130694623,SOS2
116,12.5056271334148,12.5056271334148,SOS2
117,13.3968214886965,13.3968214886965,SOS2
118,13.3067048513146,13.8042586907085,SOS2
119,10.8385442749476,10.8385442749476,SOS2
120,14.0874490948503,14.4646522944729,SOS2
121,17.1958433930994,18.6783396478381,SOS2
122,19.7050563308,21.1481359225819,SOS2
123,18.0032629542536,18.0032629542536,SOS2
124,18.7797887900796,18.7797887900796,SOS2
125,19.9317419710371,19.9317419710371,SOS2
126,23.0148003250083,24.7165649716946,SOS2
127,19.3723069612269,19.3723069612269,SOS2
128,23.2151393276026,25.3513944586881,SOS2
129,24.3079821663584,24.3079821663584,SOS2
130,21.3995490840345,21.3995490840345,SOS2
131,19.7114114664577,19.7114114664577,SOS2
132,24.9111676562942,27.3415776062758,SOS2
133,23.2279858360556,23.2279858360556,SOS2
134,21.6533531814359,21.6533531814359,SOS2
135,24.4269230563327,24.9784255308456,SOS2
136,25.8959982043558,25.8959982043558,SOS2
137,20.8524816268952,20.8524816268952,SOS2
138,23.4364541686664,25.1177579811575,SOS2
139,20.5136813858459,21.1826842727734,SOS2
140,17.2079585366771,17.2079585366771,SOS2
141,15.8211581434483,17.9211001057413,SOS2
142,11.2674466939054,11.2674466939054,SOS2
143,11.1152141679772,14.1853659099792,SOS2
144,10.1356876925051,10.1356876925051,SOS2
145,7.62674642295127,8.83164871357551,SOS2
146,6.29465360444878,9.42317425287254,SOS2
147,4.09129820472671,6.88014680075941,SOS2
148,3.93090702001459,5.95858674519386,SOS2
149,2.9234269274261,2.9234269274261,SOS2
150,6.59191239322854,7.9759722918275,SOS2
151,6.69468311423327,7.26128914174336,SOS2
152,5.95700663085077,5.95700663085077,SOS2
153,2.58963800559074,2.58963800559074,SOS2
154,6.50780923199198,8.09059633154442,SOS2
155,9.06147609388228,10.518072494521,SOS2
156,9.45766049295491,9.45766049295491,SOS2
157,6.39816551833414,6.39816551833414,SOS2
158,11.6810916013873,12.1350656364109,SOS2
159,13.8126562615595,14.8136411121642,SOS2
160,11.3755538766251,11.3755538766251,SOS2
161,11.1010237816158,11.1010237816158,SOS2
162,16.7436554252648,17.8525904002753,SOS2
163,15.7054837556823,16.5853194120584,SOS2
164,12.2712171767922,12.2712171767922,SOS2
165,17.4444912794842,17.4444912794842,SOS2
166,16.8309858000059,17.9268681871653,SOS2
1,12.4828662173397,12.9191966081487,K55
2,11.4718327219324,13.3317481974421,K55
3,7.94480773839115,7.94480773839115,K55
4,8.12267135861103,10.7346497846926,K55
5,3.6775676744283,3.6775676744283,K55
6,8.64591545181885,10.5639980121164,K55
7,9.81441679367654,9.81441679367654,K55
8,11.3156254798398,12.1766593119788,K55
9,12.4631643253228,12.4631643253228,K55
10,14.5010396868638,16.4499103341021,K55
11,14.5511022606537,16.7306317274633,K55
12,11.6423494622005,11.6423494622005,K55
13,13.0315792979976,13.6586185611869,K55
14,15.1749760461096,16.4196840712603,K55
15,14.0443831477214,14.717810604842,K55
16,11.4031066819529,12.6817906464348,K55
17,9.14230736739911,9.14230736739911,K55
18,10.6559422389576,12.3460214239244,K55
19,10.8813764754281,13.347612558057,K55
20,7.82102928008839,8.04923108128969,K55
21,5.77339839262804,5.77339839262804,K55
22,8.6835533049553,11.0526182418466,K55
23,9.00501449193725,10.4421966079939,K55
24,4.30569460133902,4.30569460133902,K55
25,2.76082668778756,2.76082668778756,K55
26,8.49032425764764,10.6952708708101,K55
27,6.48103548825341,6.48103548825341,K55
28,10.0953861243639,12.9628580181995,K55
29,6.5889468050668,6.5889468050668,K55
30,8.78171344328657,10.0612966858154,K55
31,3.32038627270985,3.32038627270985,K55
32,4.89585845383627,7.20911145703824,K55
33,3.55260031526205,3.55260031526205,K55
34,3.41828758298655,5.23461841971313,K55
35,5.39504040763366,6.72365860227897,K55
36,3.92199923508406,3.92199923508406,K55
37,2.80571042696854,2.80571042696854,K55
38,3.00952853450503,3.00952853450503,K55
39,2.70951674658047,2.70951674658047,K55
40,3.57270849636519,3.6838300720853,K55
41,4.89165697897962,5.14459230649038,K55
42,8.02008609679472,9.30346156008612,K55
43,10.7816100838418,12.526803662547,K55
44,13.0643096258471,13.0804709777592,K55
45,17.1086033912766,19.1766114316372,K55
46,17.0647466139993,17.0647466139993,K55
47,21.7018922907658,21.9106248427561,K55
48,22.329933407872,23.327018862255,K55
49,18.3975597566634,19.5526528123424,K55
50,16.0166424071963,16.8129038836246,K55
51,12.8940568092436,13.9984685233778,K55
52,7.71574513575973,7.71574513575973,K55
53,7.92271632711913,10.469226619001,K55
54,2.70181772146087,2.70181772146087,K55
55,6.39502197025155,8.52004366185995,K55
56,3.74099264901711,3.74099264901711,K55
57,7.01253399278749,7.75789185281671,K55
58,8.7617111342477,8.7617111342477,K55
59,8.78879815446914,8.78879815446914,K55
60,10.886627760698,11.966818708412,K55
61,5.63001776196132,5.63001776196132,K55
62,6.63128803476369,9.64642332680875,K55
63,3.23989212783389,5.97353270686619,K55
64,3.24049394383017,3.24049394383017,K55
65,5.40827985592462,7.20921764132558,K55
66,3.40848426723668,3.81029867595704,K55
67,3.33820445748909,3.33820445748909,K55
68,6.37273387173825,8.62032859002486,K55
69,5.86443424381244,5.86443424381244,K55
70,2.92030734683868,2.92030734683868,K55
71,5.59383070891496,6.47155954928949,K55
72,6.82810617960793,8.94329005456046,K55
73,3.52349301120352,3.52349301120352,K55
74,3.65573371568554,3.65573371568554,K55
75,7.14985769089147,8.56995105003523,K55
76,9.51234902639722,9.51234902639722,K55
77,12.3178584989437,13.445920942799,K55
78,10.450440851945,10.450440851945,K55
79,15.4387023418421,15.7174594957328,K55
80,17.8359463163579,17.9829590724107,K55
81,17.0142841753628,17.0142841753628,K55
82,20.7514584306742,22.0282680435844,K55
83,19.8244029922719,19.8244029922719,K55
84,22.8186582646745,23.9907528435437,K55
85,20.7930851486738,20.7930851486738,K55
86,19.0531995738249,19.0531995738249,K55
87,23.7327600796873,25.8802951683322,K55
88,17.1996523220674,17.1996523220674,K55
89,19.9676698941063,19.9676698941063,K55
90,22.4220823966018,24.6916610619861,K55
91,21.3219060358121,22.8027461065548,K55
92,17.0380720446886,17.0380720446886,K55
93,19.5759048577582,20.2938467767942,K55
94,19.4287994997118,21.2889235754183,K55
95,13.8366012445253,13.8366012445253,K55
96,12.3802166782331,12.3802166782331,K55
97,16.4911610567601,19.1570217152876,K55
98,15.8540791596359,17.748365135978,K55
99,9.22166606422071,9.22166606422071,K55
100,11.837729174128,12.966873216007,K55
101,13.501337007867,15.9339301178335,K55
102,11.3768902605237,11.3768902605237,K55
103,7.68959634831375,7.68959634831375,K55
104,7.72060969095058,7.72060969095058,K55
105,11.5744690590973,12.2501633458497,K55
106,14.0336494897087,14.2244530650567,K55
107,17.0433812959753,19.4429452758578,K55
108,15.9453093416214,18.6321897263848,K55
109,13.1620254520343,13.1620254520343,K55
110,14.9928420587959,14.9928420587959,K55
111,16.2964850811456,16.2964850811456,K55
112,19.5501516106653,19.8964485273126,K55
113,22.1342728138966,23.5003929541614,K55
114,19.4612695115195,19.4612695115195,K55
115,22.2928863541714,23.2602640139789,K55
116,17.3715210617839,17.3715210617839,K55
117,16.0815504538586,16.0815504538586,K55
118,22.4197426613242,22.8623993710197,K55
119,20.0619503039959,20.0619503039959,K55
120,20.5500525790082,20.5500525790082,K55
121,24.2629291924945,24.2629291924945,K55
122,25.6354795157025,27.7454504018226,K55
123,27.1952090633626,27.3657980333116,K55
124,26.3492968407129,26.3492968407129,K55
125,26.6644404591583,26.6644404591583,K55
126,30.9429553372007,33.3463865958517,K55
127,30.3689179919206,30.3689179919206,K55
128,33.5191008978463,35.9565061289331,K55
129,29.8008818829242,29.8008818829242,K55
130,29.0080124276035,29.0080124276035,K55
131,30.7158499963781,31.9683533201196,K55
132,30.0926407781039,32.9704216078594,K55
133,25.9201162227333,25.9201162227333,K55
134,26.4652158502439,27.1021047706631,K55
135,28.2948285204205,30.6437177085288,K55
136,26.3970892713572,28.1689992722496,K55
137,23.1798756036352,23.2652670089986,K55
138,23.898251672455,25.3657991397866,K55
139,21.7279069171423,21.7279069171423,K55
140,23.3986597479428,23.3986597479428,K55
141,25.9270695220266,26.1893236835165,K55
142,22.2067309840958,22.2067309840958,K55
143,22.2275332414553,24.8129954056337,K55
144,18.7426079828822,18.7426079828822,K55
145,17.1020261665102,19.1508020980846,K55
146,14.2055856619852,14.3337074408542,K55
147,16.2439304972657,17.0449605455689,K55
148,17.5850496160801,19.8112511719982,K55
149,12.2743834875728,12.2743834875728,K55
150,18.5500952827742,20.9244797784796,K55
151,18.5977534664808,19.8559821212651,K55
152,13.6129158522339,13.6129158522339,K55
153,14.4967341494559,14.4967341494559,K55
154,18.8751300392871,21.0783938192643,K55
155,18.378362984771,18.4678507953687,K55
156,12.7461480848137,12.8653858861676,K55
157,15.580190306925,15.580190306925,K55
158,19.0859573770875,21.2015444248762,K55
159,14.5309476979308,14.5309476979308,K55
160,14.4257543650237,14.4257543650237,K55
161,18.0544739607666,20.5034675116186,K55
162,18.2638673341656,19.1969358492443,K55
163,13.0078860696118,13.0078860696118,K55
164,17.3971772710403,17.7907259548339,K55
188,,,RAF
