Pos,RAF_HAmin_ligand,RAF_scHAmin_ligand,K27_HAmin_ligand,K27_scHAmin_ligand,PI3_HAmin_ligand,PI3_scHAmin_ligand,RAL_HAmin_ligand,RAL_scHAmin_ligand,SOS_HAmin_ligand,SOS_scHAmin_ligand,K55_HAmin_ligand,K55_scHAmin_ligand,SOS1_HAmin_ligand,SOS1_scHAmin_ligand,SOS2_HAmin_ligand,SOS2_scHAmin_ligand,RAF_GXPMG_HAmin_ligand,RAF_GXPMG_scHAmin_ligand,K27_GXPMG_HAmin_ligand,K27_GXPMG_scHAmin_ligand,PI3_GXPMG_HAmin_ligand,PI3_GXPMG_scHAmin_ligand,RAL_GXPMG_HAmin_ligand,RAL_GXPMG_scHAmin_ligand,SOS_GXPMG_HAmin_ligand,SOS_GXPMG_scHAmin_ligand,K55_GXPMG_HAmin_ligand,K55_GXPMG_scHAmin_ligand,WT_AA,block1,block2,block3,Ras.gene.mutations,Cancer.Driver.mutations,Rasopathy.mutations,PPI.specificity.mutations,Other.interesting.mutations..decriptions.of.mutant.effects,Effector.lobe,Allosteric.lobe,second_structure,Core,Surface,function_annotation.ref1,function_annotation.ref2,Allosteric.drug.binding.pockets,residue.interactions.across.interface..KRas4B.Raf1..pdb.6vjj.,residue.interactions.DARPin.K27.ref3,residue.interactions.DARPin.K55.ref3,ion.binding.ref4,protein.modification.ref4..ref5,allosteric.pocket.p1..ref6,allosteric.pocket.p2..ref6,allosteric.pocket.p3..ref6,allosteric.pocket.p4..ref6,binding.surface.with.Raf1.identified.by.bio3d..6vjj,binding.surface.with.GTP.identified.by.bio3d..6vjj,binding.surface.with.AMG510.identified.by.bio3d..6oim,KRAS.G12C.putative.clinical.inhibitor.resistance.mutations,KRAS.G12C.sotorasib.DMS.resistance.data,KRAS.G12C.MRTX1257.DMS.resistance.data,Ranganathan.elife.data.1,Ranganathan.elife.data.3,etc,SASA
0,8.84094067393284,9.96355624262743,,,,,,,14.5569578209185,14.5569578209185,,,,,,,25.2562691425317,25.4821511258371,,,,,,,,,,,,,,,,,,,,,,,,,,,,,,,,,,,,,,,,,,,,,,
1,11.7123009268034,13.9687444675604,6.6410012799276,6.6410012799276,8.64902474270944,9.58749320729877,11.7784610624648,11.7784610624648,13.2258414477114,14.6005021146535,12.4828662173397,12.9191966081487,13.9304439986671,14.5187147158418,3.38233661837493,3.38233661837493,27.1170372091053,29.2621930825425,25.6990494376738,25.6990494376738,26.1654228706513,26.1654228706513,26.2777618148883,26.2777618148883,25.3700591642984,25.3700591642984,25.679628365691,25.679628365691,M,,,,"","",,,"",TRUE,,M,,,"","",,"","","","","",,,,,,,,,,,,,,0.32
2,11.9247916962939,14.2399412217888,9.3828100268523,12.3908450478569,9.89266693061077,11.685578505149,13.9995197417626,16.6977713782409,13.0609951381968,14.5674295261724,11.4718327219324,13.3317481974421,13.3189750356399,15.1992225130103,6.48596577234262,8.74442954114218,23.8294575263475,25.942172885092,24.2041377041199,25.8483554989481,24.1680852779032,25.7565514772456,24.5772564376091,26.3504333550703,24.2036872604155,26.2192182377736,24.0937949480774,26.2696463813276,T,TRUE,,,"","",,,"",TRUE,,T,,,"","",,"","","","",ubiquitylation,,,,,,,,,,,,,,0.86
3,5.37190450399111,5.37190450399111,5.67619494027469,5.67619494027469,4.86978942049859,4.86978942049859,8.54685450911621,8.54685450911621,6.36047781224021,6.36047781224021,7.94480773839115,7.94480773839115,7.02711356105762,7.02711356105762,8.07332954858155,8.07332954858155,20.9689785635829,20.9689785635829,21.2796341603891,21.2796341603891,21.3973763344948,21.3973763344948,21.9987773751179,21.9987773751179,21.4412177126207,21.4412177126207,22.134646168394,22.7644782281519,E,TRUE,,,"","",,,"",TRUE,,b1,,,"","",,"","","","","",,,,,TRUE,,,,,,,,,0.24
4,10.7724276743917,12.9921136848474,9.6909196158053,11.9535596790245,10.8119629115161,13.2212526259806,10.4356821051621,13.2733130001518,8.18725595056122,11.2055002119495,8.12267135861103,10.7346497846926,8.47824392194515,11.5057427834973,10.9335351099267,11.5468434214724,18.0317064084351,20.0210850355319,18.2099021963326,20.1503244142619,18.3540585430035,20.1665918290623,18.5576311527091,20.3549280765126,18.2536541273248,20.3830777116705,18.0995331707754,20.1855064093027,Y,TRUE,,,"","",,,"",TRUE,,b1,,,"","",,"","","","","",,,,,,,,,,,,,,0.4
5,7.07164379759049,7.07164379759049,5.42200940611504,5.66429889748061,8.1998929871066,8.1998929871066,10.4305451918871,10.4305451918871,4.19053755501607,4.19053755501607,3.6775676744283,3.6775676744283,6.64494732860991,6.64494732860991,7.79041468729361,8.34415412129953,16.4659293390929,17.8186296330554,16.9769033984411,17.7827081739537,16.8063859886652,18.2205363806887,17.0031045694603,18.5845733338164,16.7877491641971,18.0236798129572,16.7721563908759,18.2545959418443,K,TRUE,,,"","",,,"",TRUE,,b1,,,"","",,"","","","","",TRUE,,,,TRUE,,,,,,,,,0.02
6,11.2496009262551,12.607725171497,9.43502792788659,11.5388160137858,10.94657960278,13.2893735367774,9.79445705488569,12.2585015805359,6.42135499719491,8.76606827488813,8.64591545181885,10.5639980121164,7.17714267658098,9.67871830357719,9.81469561423073,12.5045477327251,12.5989664258621,14.4148391250128,13.1563107670806,14.6459130818123,13.0751026382205,14.4729305947344,13.3502005228386,14.588393263139,13.1136178455833,14.5816101648618,12.9093063330297,14.6390986744403,L,TRUE,,,"","",,,"",TRUE,,b1,,,"","",,"","","","","",TRUE,,,,,,,,,,,,,0.35
7,12.2366512575949,12.2366512575949,9.96484109256138,9.96484109256138,11.6657295528398,11.6657295528398,10.0713465336071,10.0713465336071,7.92149872183288,7.92149872183288,9.81441679367654,9.81441679367654,8.35154644362348,8.35154644362348,10.1297366204655,10.1297366204655,11.0852552068051,11.4933463795363,11.0883467207695,11.9598876666965,10.954113610877,11.3663725963915,11.1250988310217,11.540075909629,11.1831360986085,11.5273221087987,11.1423918886386,11.1423918886386,V,TRUE,,,"","",,,"",TRUE,,b1,,,"","",,"","","","","",TRUE,,,,,,,,,,,,,0
8,11.4657122761737,11.4657122761737,12.4931791390342,12.5919290420491,12.2404354906188,12.7907887559759,11.3641757730158,11.7392391576286,8.00189315099871,8.00189315099871,11.3156254798398,12.1766593119788,9.18704707727135,9.18704707727135,11.0598903249535,11.9350207792027,7.0634048446907,7.0634048446907,6.89507360366805,6.89507360366805,7.2548599572976,7.2548599572976,7.13111919687227,7.13111919687227,7.09219726178002,7.09219726178002,7.07106533699131,7.07106533699131,V,TRUE,,,"","",,,"",TRUE,,b1,,,"","",,"","","","","",,,,,,,,,,,,,,0
9,14.4492724384309,14.9182217103782,14.9396143524523,14.9396143524523,13.5518439704713,13.5518439704713,13.0233134800634,13.0233134800634,10.6240905493129,10.7632771031875,12.4631643253228,12.4631643253228,11.9102242632118,12.2677164949309,12.5726755704583,12.5726755704583,7.2055888031444,8.9589557985292,7.15838033356709,9.36624674029037,7.21760389603087,9.12364022745307,7.21274691085166,9.18128602103212,7.23172918464181,8.98328965357346,7.11553118185845,8.75306489179648,V,TRUE,,,"","",,,"",TRUE,,b1,,,"","",,"","","","","",,,,,,,TRUE,,,,,,,0
10,15.4828382733916,17.5237903148834,14.5742481109661,16.7964268819294,15.0505981276493,16.6768274560841,13.9209847352836,15.7786041841476,9.47369563581182,11.1253842180843,14.5010396868638,16.4499103341021,9.62893275498381,11.6571246025767,10.3956595750342,12.6990710683892,4.71794075842417,6.67954594265209,5.71462938430831,6.73946058672355,4.91778141035163,6.49740579000573,4.8068451192024,6.56453760747854,4.8907640507389,6.5992518515359,4.80267852349083,6.44174401850927,G,TRUE,,,"","",,,"",TRUE,,L1,,,P-loop,P-loop,,"","","",Mg2+/N,"",,,,,,TRUE,TRUE,,,,,,,0
11,15.0402470059504,18.2301539763108,13.578283433483,15.6628007074086,15.0647056061511,18.3012803104045,13.5979322692827,16.4406034256654,7.64868884188656,8.95885288415878,14.5511022606537,16.7306317274633,7.83097216187109,8.64886420288815,10.3773719698197,11.3803319810979,3.88359228035076,6.84374751141507,4.09485347723212,7.29106034812496,3.50014199711954,6.65319306799374,3.89627642756517,6.95316539426469,3.89305291512972,7.10690945488965,3.82272821424699,7.1154506533318,A,TRUE,,,"","",,,"",TRUE,,L1,,,P-loop,P-loop,,"","","",Mg2+/N,"",,,,,,TRUE,TRUE,,,,,,,0.01
12,14.0663688633563,14.4214906996468,9.14241909999755,9.14241909999755,13.9086857035451,13.9086857035451,12.335448512316,12.335448512316,4.51485248928468,5.79320507146088,11.6423494622005,11.6423494622005,5.07413381770721,5.95108275862468,8.55085668222781,8.55085668222781,3.40730157162527,3.40730157162527,4.16963991251043,4.28723722226797,3.21932803547572,3.75555601742272,3.38974246809401,3.38974246809401,3.4383235740692,3.4383235740692,3.97297193546594,4.18150499222469,G,TRUE,,,"","G12C, G12V, G12D",,,"",TRUE,,L1,,,P-loop,P-loop,,"","","",Mg2+/N,"",,,,,,TRUE,TRUE,,,,,,,0.16
13,12.4572105224244,12.4572105224244,11.399204928415,12.0007110622663,12.9738770612335,12.9738770612335,11.8030785814549,12.2512147152844,3.15164623649292,4.53800077126481,13.0315792979976,13.6586185611869,4.98753185453486,5.69951234756097,9.30400875966913,9.79491914208586,3.09612112166175,3.60844814290021,3.07042684329069,3.56612254416474,3.40616103553546,3.69863785737399,3.09965223855839,3.4641374106695,3.01899867505767,3.58599846625733,2.93198414047552,3.43220468503847,G,TRUE,,,"",G13?,,,"",TRUE,,L1,,,P-loop,P-loop,,"","","",Mg2+/N,"",,,,,,TRUE,TRUE,,,,,,,0.4
14,13.3751039248299,14.9435351239257,14.0197027429258,15.7126451942377,13.7835008978126,15.0670515031973,13.6027975063955,14.6383486773611,5.58608530189076,7.96496082852892,15.1749760461096,16.4196840712603,6.72769091144948,8.4979781713064,11.8497141737681,13.0744141360139,3.20120617892694,3.75651766933153,3.71690274287612,3.93089124754171,3.30272342166279,3.65843354456522,3.33561718427041,3.77457255858197,3.25961976310121,3.69829230862029,3.13842412685092,3.65801599231058,V,TRUE,,,"","",,,"",TRUE,,L1,,,P-loop,P-loop,,"","","",Mg2+/N,"",,,,,,TRUE,,,,,,,,0.31
15,11.2228282531633,11.3901677336201,12.1308501763067,12.9132779726915,11.616896745689,11.7175305845558,12.669681329852,13.0050801227828,4.02895966720939,4.02895966720939,14.0443831477214,14.717810604842,4.73279462896923,4.73279462896923,12.1616694988805,12.4276012971128,2.99734148871963,3.27763420777853,3.00252310565631,3.07746714036072,2.87378739645089,3.20135518179411,3.13655479786341,3.34321910738737,2.99722321491076,3.27623732351611,3.01290922531696,3.21058670650709,G,TRUE,,,"","",,,"",TRUE,,a1,,,P-loop,"",,"","","",Mg2+/N,"",,,,,,TRUE,TRUE,,,,,,,0.01
16,10.5240886066205,12.1373515232937,11.0792010993573,12.1030037593979,9.91717056422849,12.0156513348216,10.9071157507381,11.3348384637806,5.03766900460918,6.66149682879156,11.4031066819529,12.6817906464348,5.39119022109219,6.99954984266846,9.37969317195397,9.37969317195397,2.65775638462219,2.65775638462219,2.8034287934599,2.8034287934599,2.55808580778676,2.55808580778676,2.89075024863788,2.89075024863788,2.6231242822253,2.6231242822253,2.58164191939936,2.58164191939936,K,TRUE,,,"","",,,"",TRUE,,a1,,,P-loop,"",,"","","",Mg2+/N,"",,,,,,TRUE,,,,,,,,0.19
17,7.08417447554759,7.08417447554759,7.60448249389793,8.13611885360582,6.71021713508587,6.78659539091583,6.94061805605236,6.94061805605236,2.68706940736558,2.68706940736558,9.14230736739911,9.14230736739911,2.66732131547738,2.66732131547738,6.87414641973824,6.87414641973824,2.09063961504607,2.09063961504607,2.13695297093783,2.13695297093783,2.10632950888507,2.10632950888507,2.89487063614249,2.89487063614249,2.11532739782758,2.11532739782758,2.00454034631384,2.00454034631384,S,TRUE,,,"","",,,"",TRUE,,a1,,,P-loop,"",,"","","",Mg2+/N,"",,,,TRUE,TRUE,TRUE,,,,,,,,0.05
18,8.06117379790313,8.59888161332623,8.485684120918,9.25863083830433,8.47507292004028,9.44648453129523,9.53466984221268,11.0412990630632,5.18497965280482,6.39846927006765,10.6559422389576,12.3460214239244,3.00084671384595,3.15475545803474,8.80213525231236,10.4475090332576,2.77213960687408,3.4046444748314,2.66947391820935,3.25883338021446,2.90681217143454,3.42449558329398,2.94412109125967,3.41597833716785,2.89441634876532,3.53257908616354,2.77856527726091,3.49968141407185,A,TRUE,,,"","",,,"",TRUE,,a1,,,"","",,"","","",Mg2+/N,"",,,,,,TRUE,,,,,,,,0.23
19,10.1526649703415,12.5078696827238,10.2359469029494,12.4648053735307,10.0912178155067,12.0850655769838,11.4119571502876,13.2523787298734,7.95573070182746,9.79525568834219,10.8813764754281,13.347612558057,5.50173018240626,7.66964366838512,9.63550652534676,10.7654887952197,4.98409450151178,5.80759442454447,4.99177052757836,5.83996515400563,4.76349220635449,4.76349220635449,5.12348182391623,5.65318936530521,5.19717856148891,5.79965981760999,5.04672141097564,5.89012096649977,L,TRUE,,,"","",,,"",TRUE,,a1,,,"","",,"","","","","",,,,,,TRUE,,,,,,,,0.12
20,7.39660692480005,7.53386275425827,7.3870149586961,7.68319848760918,7.16107031106385,7.16107031106385,7.57400402693317,7.57400402693317,6.19770707600803,6.19770707600803,7.82102928008839,8.04923108128969,5.0903776873627,5.0903776873627,8.34850297957664,9.60941111619229,6.78684683781799,7.38153398691627,6.90481759353568,7.22282292459118,6.75882548968384,7.70439491459258,7.03668593870723,7.42125656476045,6.92567527393539,7.43033168842414,6.89629719487204,7.48278330569582,T,TRUE,,,"","",,,"",TRUE,,a1,,,"","",,"","","","","",,,,,,,,,,,,,,0.01
21,4.14975914963748,4.14975914963748,4.17302228606557,4.17302228606557,3.66802017442653,3.66802017442653,5.14080227201941,5.14080227201941,3.72921023810672,3.72921023810672,5.77339839262804,5.77339839262804,3.4521567171842,3.87498929030778,6.46418362981746,6.46418362981746,6.92079056177833,6.92079056177833,7.17223681984916,7.17223681984916,6.67349391248692,6.67349391248692,6.6033368837278,6.6033368837278,6.73921404913065,6.73921404913065,6.8278834934407,6.8278834934407,I,TRUE,,,"","",,,"",TRUE,,a1,,,"","",,"","","","","",,,,TRUE,TRUE,,,,,,,,,0
22,7.80523420532658,10.0270060337072,8.07988663286806,9.94826401941564,7.68628915667372,10.092334615935,9.55340201184897,12.3545930325527,7.23093431030872,7.91214718012752,8.6835533049553,11.0526182418466,5.20959931280708,6.31114759770361,3.35330896280078,3.35330896280078,7.82030849775122,7.82030849775122,7.9608593129134,7.9608593129134,8.03718383515022,8.03718383515022,7.84490726522627,7.84490726522627,8.1581317101405,8.1581317101405,7.6570847585749,7.6570847585749,Q,TRUE,,,"","",,,"",TRUE,,a1,,,"","",,"","","","","",,,,,,,,,,,,,,0.2
23,7.61507767524403,10.3148845849093,8.84120523458199,9.68159289579974,8.67698847527182,10.1334126038566,8.36014766615997,10.2322927049611,9.96526221431227,11.1751737794094,9.00501449193725,10.4421966079939,9.80340889690928,10.7399506516557,6.21300289715046,6.98655108046882,10.735498917144,11.8148341503383,10.565956132788,11.7481392994806,10.5039146036133,11.8783443711655,10.8173001252623,12.0928449506309,10.6656939764837,11.8397554451095,10.8124190632809,11.9090910232477,L,TRUE,,,"","",,,"",TRUE,,a1,,,"","",,"","","","","",,,,,,,,,,,,,,0.05
24,3.31786708594543,5.45500916589514,3.39524697187112,3.39524697187112,4.66254469147482,4.66254469147482,3.83804820188595,3.83804820188595,8.11406008111845,8.11406008111845,4.30569460133902,4.30569460133902,7.68455561499818,7.68455561499818,3.0758967798026,3.61349526082434,12.0581539631902,12.0581539631902,12.0925968675053,12.0925968675053,11.8165271547947,12.1704746004418,12.3976997059938,12.5442973497921,12.1565966865731,12.1590330618845,12.281574247628,12.3819446776345,I,TRUE,,,"","",,,"",TRUE,,a1,,,"","",,V88,"","","","",,,,TRUE,TRUE,,,,,,,,,0
25,3.71459674796606,3.71459674796606,3.0097368655748,3.67124256894038,2.95471521470345,2.95471521470345,3.07943598731976,3.90799155577389,3.50202198736673,5.09581112287338,2.76082668778756,2.76082668778756,3.77090519636864,4.393414731163,3.58037344420942,3.67807571972084,12.4541709479194,12.4541709479194,12.0649214253554,12.0649214253554,12.4254828880008,12.4254828880008,11.9050968076702,11.9050968076702,12.0432806992115,12.0432806992115,11.8326051653894,11.8326051653894,Q,TRUE,,,"","",,,"",TRUE,,L2,,,switch-I,"",,"V88,G90,K87",S88,S55,"","",,,,TRUE,TRUE,,,,,,,,,0.17
26,7.14013480264904,10.2261921554409,8.7690058729596,10.8479290650336,8.2681406615998,10.2401736801677,7.47202951011304,9.36208192658022,9.21021031247387,12.3218389049687,8.49032425764764,10.6952708708101,6.77964379595271,10.6094829751501,3.08618680575237,3.63208493843413,12.4723756758687,14.0844936366204,12.411381309105,14.0500643414897,12.3373998070906,13.0424380389558,12.7331695190161,14.3874201300998,12.4443101054257,14.1213920347818,12.4010864040212,14.1657355968548,N,TRUE,,,"","",,,"",TRUE,,L2,,,switch-I,"",,"","","","","",,,,TRUE,,,,,,,,,,0.78
27,5.59166263288479,5.59166263288479,4.74274972985082,4.74274972985082,5.93031162756226,6.55815294118703,5.60200821134706,5.60200821134706,11.1640586257866,14.1084444571328,6.48103548825341,6.48103548825341,7.80428363144242,9.50104904734209,3.09186044316363,3.57195086752324,8.95795395165659,9.26059668703913,8.98988514943322,9.4805270950512,8.97486384297835,9.06343968921293,8.9568372766284,10.5310987555905,8.89896336659501,9.45693153195052,8.86062802514585,10.1678559195142,H,TRUE,,,"","",,,"",TRUE,,L2,,,switch-I,"",,"","","","","",,,,TRUE,,,,,,,,,,0.59
28,7.88280273760545,9.95072168237058,6.61578060398015,8.69443149377807,8.58980762299134,10.9659714571943,9.07205869690006,11.0611050080903,9.78255784547171,12.3450398946297,10.0953861243639,12.9628580181995,8.93192353303587,11.2687505962285,4.24351788024983,5.4090928074863,3.35213633374301,3.35213633374301,3.08977701460801,3.08977701460801,3.3469810277323,3.3469810277323,3.24798907017865,3.24798907017865,3.30444745759408,3.30444745759408,3.28392889691601,3.28392889691601,F,TRUE,,,"","",,,"",TRUE,,L2,,,switch-I,"",,"","","",Mg2+/N,"",,,,TRUE,,TRUE,,,,,,,,0.49
29,4.2053265033764,4.2053265033764,3.4092436111255,3.4092436111255,4.81190450861195,4.81190450861195,5.07655247190454,5.07655247190454,6.59729459702991,8.79162601570381,6.5889468050668,6.5889468050668,5.97035216716736,7.6358709391922,7.08464953261627,7.36162950711322,2.6517409375729,4.96969626838502,2.78248414191348,5.31729592932348,2.70811484246884,5.03415881751858,4.11564016891662,7.03801399543934,2.67068137373218,5.43120207688869,2.79895766313105,5.77954089872197,V,TRUE,,,"","",,,"",TRUE,,L2,,,switch-I,"",,"","","",Mg2+/N,"",,,,TRUE,TRUE,TRUE,,,,,,,,0.36
30,6.78708670933266,7.8194780516349,3.79146264652574,3.85827629907449,7.81905710428054,9.18848855906128,8.31685956356124,10.5720057699568,3.03345529058861,3.87536527310653,8.78171344328657,10.0612966858154,3.32525036651378,3.32525036651378,8.25540192843449,8.49839049467604,2.88920629239243,4.26298017823213,2.90861238393842,3.77419700068769,2.54889407390735,3.85076797535245,3.13858965141989,3.13858965141989,2.96256291072443,4.13978429389745,2.76196650957249,4.57531430614335,D,TRUE,,,"","",,,"",TRUE,,L2,,,switch-I,switch-I,,"","","",Mg2+/N,"",,,,TRUE,,TRUE,,,,,,,,0.19
31,2.75562225277704,2.75562225277704,2.69846715748033,2.69846715748033,5.10201068207428,5.10201068207428,2.97700335908444,3.17691564256906,3.39219825481944,4.0252409865746,3.32038627270985,3.32038627270985,3.06815042004136,3.06815042004136,3.45428284887037,3.45428284887037,3.36320100499509,5.89976863953155,3.49494048590244,5.59948122597085,3.7309293748341,5.86362507328018,3.56383459212124,5.83796651240824,3.69795767958477,6.18802521003268,4.42174049442072,6.24402226133124,E,TRUE,,,"","",,,"",TRUE,,L2,,,switch-I,switch-I,,K84,"",R33,Mg2+/N,"",,,,TRUE,TRUE,TRUE,,,,,,,,0.83
32,6.32822826705864,8.2608244745909,2.73114554720176,2.73114554720176,6.57375052766683,8.48119620100844,7.46948793425627,9.34424084663917,2.83742647481833,4.08471210735837,4.89585845383627,7.20911145703824,2.87526485736532,3.63788688664175,5.26825559364767,6.82554327508074,3.63284695521295,3.63284695521295,3.58824804047881,4.4682302984515,2.59062096803064,2.59062096803064,2.63949256486925,2.63949256486925,3.71670687571673,3.71670687571673,4.23418445512238,4.80377528616816,Y,TRUE,,,"","",,,"",TRUE,,L2,,,switch-I,switch-I,,"",R91,"",Mg2+/N,phosphorylation,,,,TRUE,,TRUE,,,,,,,,0.65
33,4.18215757713647,4.18215757713647,2.73426516636554,2.73426516636554,3.60141194533477,3.60141194533477,2.96998013461369,2.96998013461369,4.94439723323278,4.94439723323278,3.55260031526205,3.55260031526205,3.71022061338676,3.71022061338676,2.96883360934896,2.96883360934896,4.32184138996331,5.90858900246074,4.03406531925303,7.04853027233338,3.90164401246449,5.84960443107054,2.77326468264391,5.16905590993171,4.32444794164527,6.29003489656457,4.01892162152983,6.35615732970794,D,TRUE,,,"","",,,"",TRUE,,L2,,,switch-I,switch-I,,K84,"R33,Y67","",Mg2+/N,"",,,,TRUE,TRUE,TRUE,,,,,,,,0.67
34,5.70293871613575,6.50929036070753,4.25084285759894,4.25084285759894,6.00161628230263,7.76460436854319,3.4424876179879,6.08810142819582,3.49642245731261,3.56878620822262,3.41828758298655,5.23461841971313,2.97511831697497,2.97511831697497,3.37478428940281,3.37478428940281,3.3634958005028,3.45304532261017,4.07568963489617,4.61845601906091,3.52356807795735,3.96813142423484,3.42801823215688,3.74744512968502,3.46593854532939,3.78527753275768,3.92167821219437,4.1719483457972,P,TRUE,,,"","",,,"",TRUE,,L2,,,switch-I,switch-I,,N71,"",K66,Mg2+/N,"",,,,TRUE,TRUE,TRUE,TRUE,,,,,,,0.78
35,6.08593402856127,7.19390366907981,3.24836466548939,3.24836466548939,6.24625735941131,6.85677336653326,4.48600534997452,5.2299278197696,4.04672966727455,4.04672966727455,5.39504040763366,6.72365860227897,3.79822866610213,3.79822866610213,3.25378640970793,5.48854570901983,2.05737891502756,2.05737891502756,5.31162997581722,7.36944780835037,2.59320149622047,2.59320149622047,2.89171402458819,2.89171402458819,2.11148360164127,2.11148360164127,2.05446562395188,2.05446562395188,T,TRUE,,,"","",,,"",TRUE,,L2,,,switch-I,switch-I,,"","","",Mg2+/N,"",,,,TRUE,TRUE,TRUE,,,,,,,,0.52
36,3.8859410700627,3.8859410700627,3.4264944184983,3.4264944184983,3.27666049507727,3.27666049507727,3.68505753008008,3.68505753008008,6.72025081377176,8.95139285251184,3.92199923508406,3.92199923508406,6.32520813886784,7.59479038552086,3.46140231698079,3.46140231698079,5.65926470488879,7.95745323580352,4.70609827776684,6.37129037165942,5.71444564240487,8.06504662106798,5.56381559723181,7.98297820365308,5.60279341043376,7.96094473036964,5.8212914374733,8.23301597229107,I,TRUE,,,"","",,,"",TRUE,,L2,,,switch-I,switch-I,,"T57,V69","","","","",,,,TRUE,TRUE,,,,,,,,,0.13
37,2.63916388274772,2.63916388274772,3.50359886402539,5.78551086767625,3.1100504819054,3.29989908936622,2.58874274504054,2.96347532468216,5.33584838615191,5.33584838615191,2.80571042696854,2.80571042696854,3.2916726751,3.2916726751,3.14277488853402,3.14277488853402,7.60555540378216,9.55260095471385,6.71431113369048,7.66988174615489,7.22783709002908,8.99446251868338,7.29309934115805,9.15416047488791,7.55790294989292,9.61456104042198,7.80515867872011,9.70206833618481,E,TRUE,,,"","",,,"",TRUE,,L2,,,switch-I,switch-I,,"V69,R59,T68,R67","","R124,D87","","",,,,TRUE,TRUE,,,,,,,,,0.48
38,2.62231157569043,2.62231157569043,2.75048395741549,2.75048395741549,3.23371009832359,3.23371009832359,3.20522152120567,3.5634693768854,9.19781637129161,11.3617971729828,3.00952853450503,3.00952853450503,5.64422935395081,5.64422935395081,2.78504596012346,2.78504596012346,6.45457318495964,6.45457318495964,7.87276939837564,9.28677371319017,5.91098308236456,5.91098308236456,6.28736558504434,6.28736558504434,6.49354664262913,6.49354664262913,6.18388041604945,6.18388041604945,D,TRUE,,,"","",,,"",TRUE,,b2,,,switch-I,switch-I,,"T68,R67,R89","R91,R124,R133",H58,"","",,,,TRUE,TRUE,,,,,,,,,0.58
39,2.88951864503415,3.81784192967702,2.84140546209091,3.89561625420164,2.59228644250592,2.59228644250592,2.78841227224383,3.41904928306101,6.38978645965575,6.38978645965575,2.70951674658047,2.70951674658047,4.71175529924889,4.7499819999659,3.52625055831261,3.52625055831261,9.97501127818911,11.9463375977745,10.6968632318077,12.4833483088473,9.8911371944787,12.0985518968181,11.1376346680972,13.2901975907057,10.1844346922154,12.385860446493,10.4331282940449,12.6700703234039,S,TRUE,,,"","",,,"",TRUE,,b2,,,switch-I,switch-I,,"R67,R89,Q66",R124,T89,"","",TRUE,,,TRUE,TRUE,,,,,,,,,0.4
40,3.31294083859039,3.3784662200472,3.20214693604151,3.60007027709183,3.19979843115156,3.34111164135532,3.37815186159533,3.41401552427636,3.20970559397587,3.20970559397587,3.57270849636519,3.6838300720853,3.2691193003621,3.2691193003621,6.43061124621914,6.43061124621914,7.66304671785315,7.66304671785315,6.80818228310612,6.80818228310612,7.55974582906066,7.55974582906066,8.4486603080015,8.4486603080015,7.51268054691533,7.51268054691533,7.44405037597141,7.44405037597141,Y,TRUE,,,"","",,,"",TRUE,,b2,,,switch-I,switch-I,,"R89,Q66,V88","","","","",,,,TRUE,TRUE,,,,,,,,,0.65
41,2.94883451553321,2.94883451553321,2.85268960807165,2.92624093334776,2.86281365093853,3.27610805682597,2.89450185696952,3.91739275539228,6.06381934097644,6.06381934097644,4.89165697897962,5.14459230649038,3.23553195008178,3.23553195008178,3.62825853544093,4.03733674592546,14.8450991576345,17.2490480317031,14.5539152464208,16.9364538496109,14.7492036734191,17.0439878256234,15.5991873506282,17.8714717077246,14.8700327168436,17.2147822815161,14.7435043663303,17.0036297595543,R,TRUE,,,"","",,,"",TRUE,,b2,,,"","",,"Q66,N64,K65","E122,D153","","","",,,,,TRUE,,,,,,,,,0.27
42,6.08428492100756,7.48618474257749,4.47141241667552,6.34118766478331,5.02170548718262,6.20903325808455,5.07426930700372,5.57482681345349,9.47513577739127,11.2174988745264,8.02008609679472,9.30346156008612,9.11145087239129,10.7506123546522,3.75669988154497,4.00582313638533,16.5400010580411,16.5400010580411,16.3073332583841,16.3073332583841,16.6464574309371,16.6464574309371,16.9930425763016,16.9930425763016,16.3501984391627,16.3501984391627,16.9846567524928,16.9846567524928,K,TRUE,,,"","",,,"",TRUE,,b2,,,"","",,"","","","","",,,,,TRUE,,,,,,,,,0.64
43,7.35031591157822,7.88710149547982,4.64370918555415,4.82842562332693,6.75344726787734,7.78663399679219,7.6665393105364,9.565333710854,12.6820358775711,14.4810598369042,10.7816100838418,12.526803662547,12.4010623738452,14.1452136427839,2.61178751049928,2.61178751049928,19.8774037288575,22.3014849057187,19.7724658047498,22.0911985415006,20.4162807582576,22.8396246247612,20.7690397226256,23.191539599604,20.3612333860206,22.7915387369962,20.287860286388,22.7033753217446,Q,TRUE,,,"","",,,"",TRUE,,b2,,,"","",,"","","","","",,,,,,,,,,,,,,0.31
44,10.6091657541958,12.3312031854154,7.64827464203529,9.58089546963122,10.0320393240856,10.7690646761917,10.6952132751058,11.01898266629,14.5836788225742,14.5836788225742,13.0643096258471,13.0804709777592,14.5238768928961,14.5238768928961,3.53351015280839,3.53351015280839,19.7330451273999,19.7330451273999,18.8698255158865,18.8698255158865,19.2188299591833,19.2188299591833,20.0374916094805,20.0374916094805,20.3413691279619,20.3413691279619,19.2503387502662,19.2503387502662,V,TRUE,,,"","",,,"",TRUE,,b2,,,"","",,"","","","","",,,,,,,,,,,,,,0.64
45,14.085182355937,15.3911539203531,11.2318616889632,12.3037414634736,13.5076929562379,14.6080387458413,13.8030252118874,15.7794016679974,18.1446501757405,20.4187201606761,17.1086033912766,19.1766114316372,18.0181926119131,20.2557695484521,2.82051201025629,3.26642771234877,22.0295158594101,24.6058568840835,21.4025717379945,23.6880397036141,23.0036013267488,24.94210588543,22.0090211958642,23.7751018084045,22.773377263814,25.3080025288445,21.7540629308642,24.2870124552198,V,TRUE,,,"","",,,"",TRUE,,L3,,,"","",,"","","","","",,,,,,,,,,,,,,0.11
46,15.434915257299,15.434915257299,13.181145359945,13.181145359945,15.4804972788344,15.4804972788344,14.537082822905,14.9757687615695,16.2502843667426,16.2502843667426,17.0647466139993,17.0647466139993,16.4002403336049,16.4002403336049,5.64239071670866,6.82346949872277,20.295445129388,20.295445129388,19.6850908303721,19.6850908303721,20.5067715889167,20.5067715889167,20.4450806063464,20.4450806063464,20.6493535007758,20.6493535007758,20.1692602244108,20.1692602244108,I,TRUE,,,"","",,,"",TRUE,,L3,,,"","",,"","","","","",,,,,,,,,,,,,,0.6
47,19.8232531386753,21.5136885958684,16.9649312995956,18.7085337747243,19.29173175223,21.5789232585873,19.758186657687,21.7178870058761,22.2001415310804,23.1238769457027,21.7018922907658,21.9106248427561,22.1482813102958,22.8389325494866,8.30107402689555,10.7421708699871,23.8009526700088,23.8009526700088,16.6840939220564,16.6840939220564,23.7186443541784,23.7186443541784,23.7036417033333,23.7036417033333,24.225715035887,24.225715035887,23.4191288907167,23.4191288907167,D,TRUE,,,"","",,,"",TRUE,,L3,,,"","",,"","","","","",,,,,,,,,,,,,,0.01
48,19.1928521590721,20.2492046510474,16.3093767814714,17.2360708399565,19.2573366019291,19.8315757064334,21.0496762920478,21.4630138610587,23.0783603620361,23.9840872663523,22.329933407872,23.327018862255,22.7252184587959,23.8840605216115,7.10383910290767,8.64073607975617,26.7033136707788,27.927234539066,21.1705336021556,22.3828890003056,26.6679843632773,27.8844059825559,26.7965945224389,28.0545083899184,27.0622111624309,28.2672476551928,26.2578790080235,27.4663231248742,G,TRUE,,,"","",,,"",TRUE,,L3,,,"","",,"","","","","",,,,,,,,,,,,,,0.61
49,15.6609163524999,16.6215441220123,12.7412643014734,14.9891938742549,15.9417681892568,16.2957665054455,17.2606484524771,20.1638378539404,19.1647404104517,19.8836502936458,18.3975597566634,19.5526528123424,19.3497039770638,19.3497039770638,6.41347090115797,9.50281668769845,25.7768369083563,26.3256468296602,23.7150405860922,24.9477282933737,25.0613495446674,25.0613495446674,26.0553980779416,27.7100106640182,26.1748342879186,28.3917001428234,25.8504484680634,28.0162663286884,E,TRUE,,,"","",,,"",TRUE,,L3,,,"","",,"","","","","",,,,,,,,,,,,,,0.82
50,12.1794318833023,12.1794318833023,9.11374621108137,9.11374621108137,13.6935384397167,13.6935384397167,14.034208563364,14.034208563364,17.4812202663315,18.1541525001857,16.0166424071963,16.8129038836246,17.3907134701254,17.8747465156852,2.67642989820395,4.13691720971063,25.7257522727713,26.4988489183964,26.1299721201535,26.3936456178376,26.3748422933674,27.4630260714292,26.4494605805109,26.5065689405476,26.4726976902619,26.9558153466001,26.3200355242921,26.8940984790344,T,TRUE,,,"","",,,"",TRUE,,L3,,,"","",,"","","","","",,,,,,,,,,,,,,0.29
51,10.0507459424662,12.8244223651594,7.54530218082748,10.3721647210214,10.7319320255022,13.5672565391829,11.6744294078983,14.6974545415184,13.8596773771975,14.9525153067971,12.8940568092436,13.9984685233778,13.8777570954387,14.9050049312303,6.30122694401654,8.37132516391521,22.1712834315021,22.7236857485752,22.490302754743,23.2528648772576,22.9968481753479,22.9968481753479,22.8371123612422,23.1528165457251,22.7214499537332,23.0858645062298,22.5530952642869,23.541667740413,C,TRUE,,,"","",,,"",TRUE,,b3,,,"","",,"","","","","",,,,,,,,,,,,,,0.39
52,5.53354298799603,5.53354298799603,3.30309884805162,3.30309884805162,6.80057651967831,6.80057651967831,7.81437425517872,7.81437425517872,8.75778659251298,8.75778659251298,7.71574513575973,7.71574513575973,9.5281923784105,9.5281923784105,5.14341569387503,5.14341569387503,20.1140516306387,20.5955257519686,20.3265919671744,20.7417762739839,20.3482485978524,20.3482485978524,20.7840569668196,21.1715315931559,20.4227774310939,21.2265344321677,20.1989500222165,20.98493204659,L,TRUE,,,"","",,,"",TRUE,,b3,,,"","",,"","","","","",,,,,,,,,,,,,,0
53,7.31414800233083,9.91413198419307,6.22439250047746,8.36648187710939,6.86555780690833,9.4299422055493,6.68102784008568,9.97088932844006,7.72124970454913,9.90071260061618,7.92271632711913,10.469226619001,7.57622227762623,9.95669910160993,6.68225238972609,8.22866927273177,16.601978978423,17.0953032731215,16.9567184030401,17.0132707319904,16.9463703783436,17.1816342936288,17.1318374379399,17.5918869368809,16.8675776565576,17.5212616554859,16.740690607021,17.1278871434862,L,TRUE,,,"","",,,"",TRUE,,b3,,,"","",,"","","","","",,,,,,,,,,,,,,0.18
54,6.20855426005121,6.39835400708651,4.49438115873587,4.49438115873587,6.85640029461524,7.45293465689859,6.60454040793149,6.60454040793149,2.85261669349389,2.85261669349389,2.70181772146087,2.70181772146087,3.11820172535389,3.11820172535389,8.02435355651781,8.02435355651781,14.4807414174827,16.3448489133427,14.9300935697001,15.6698779510244,14.8188667920324,16.8923136662803,15.3363215928723,17.4862672975109,14.8218059291032,16.794022299616,14.959173707127,15.9081830829294,D,TRUE,,,"","",,,"",TRUE,,b3,,,"","",,"","",R121,"","",TRUE,,,,TRUE,,,,,,,,,0
55,6.78600368405441,8.05233040802475,7.12504638581392,8.12780966804711,6.58530204318678,9.14674018434983,6.84310967324067,8.55047951871707,3.31044166237679,6.17989732924424,6.39502197025155,8.52004366185995,3.39750982338536,6.38770216901195,7.22330734497709,9.56164049732053,10.4315357450377,10.4315357450377,10.8984368145161,10.8984368145161,10.601217194266,10.601217194266,10.883957092896,10.883957092896,10.8498303212539,10.8498303212539,10.834787722886,10.834787722886,I,TRUE,,,"","",,,"",TRUE,,b3,,,"","",,"","","","","",TRUE,,,,,,,,,,,,,0.1
56,6.85570083944741,7.39668723145706,6.75629906087645,6.75629906087645,6.6541482550361,6.6541482550361,3.97945435958248,3.97945435958248,3.91149255400033,4.03914916783226,3.74099264901711,3.74099264901711,4.17544835915857,4.4989139800623,3.86523660336596,3.86523660336596,9.07134995466496,11.4484407235221,9.19029923343087,10.2698087129216,9.17811843462482,10.9744818556504,9.70726805028068,11.4016033083071,9.06585864659272,10.8994665465792,9.04729561802863,10.8890607951283,L,TRUE,,,"","",,,"",TRUE,,b3,,,"","",,"","","","","",TRUE,,,,TRUE,,,,,,,,,0
57,7.09116781637552,7.09116781637552,6.80603056120085,6.80603056120085,7.20093882768074,7.40735809853959,7.1807599180031,7.39758075319223,2.79512969287652,3.90468551870699,7.01253399278749,7.75789185281671,3.06288850596949,3.06288850596949,6.48217100977751,7.6926783372243,4.04561602231353,4.04561602231353,3.83880463165293,3.83880463165293,4.25467061004726,4.25467061004726,4.80195106180812,4.80195106180812,3.88832997570936,3.88832997570936,3.89602476891511,3.89602476891511,D,TRUE,,,"","",,,"",TRUE,,b3,,,"","",,"","","",Mg2+/N,"",,,,TRUE,,TRUE,,,,,,,,0.12
58,9.41616593948939,10.7444233907642,10.0497877589529,11.0761210267855,8.85227394515104,9.75111655145194,8.69641822821328,8.69641822821328,3.50502410833363,4.81094024074297,8.7617111342477,8.7617111342477,3.91178590927469,5.01759344706205,7.59514799065825,8.65108230223248,4.15939671106279,6.82998016102536,4.60568203418343,7.35622280793615,3.87722916526738,6.80029102318422,4.07095529329418,6.75408809536861,4.14031617150188,6.51415666068909,3.65315329544218,6.29691932614672,T,TRUE,,,"","",,,"",TRUE,,L4,,,switch-II,switch-II,,"","","",Mg2+/N,"",,,,,,TRUE,TRUE,,,,,,,0
59,9.10731123877953,9.10731123877953,8.27892342034881,8.28989601864824,8.6416536033331,8.6416536033331,8.4366562689255,8.4366562689255,2.94095851721849,3.58758149733215,8.78879815446914,8.78879815446914,3.01244750991615,3.73039904031727,4.49796242758874,4.49796242758874,3.95935158832857,5.50062805504971,4.30774012679502,4.30774012679502,4.28741238977544,5.39265889891064,3.89496431305859,5.38010306592727,3.90186762973835,5.36924901638954,3.82057718152638,5.30080446724834,A,TRUE,,,"","",,,A59G hydrolysis blocking,TRUE,,L4,,,switch-II,switch-II,,"","","",Mg2+/N,"",,,,,,TRUE,TRUE,,,,,,,0.02
60,11.734827352799,13.1883808331425,6.93677295289388,6.93677295289388,11.4497579450397,12.8424674031122,10.4077917446498,11.6670051427091,2.87974790563341,3.69773092585169,10.886627760698,11.966818708412,2.97653573806868,3.6081919294849,6.43398018337017,7.42585389029437,2.76838815920022,3.10291218051688,6.60645774980814,7.97991466119782,3.39897352152087,3.47920364451407,2.74507504451153,3.08000470778861,2.78438880187376,3.21252143961717,2.74825781177821,3.35200969569003,G,TRUE,,,"","",,,"",TRUE,,L4,,,switch-II,switch-II,,"","","",Mg2+/N,"",,,,,,TRUE,TRUE,,,,,,,0.01
61,7.63464471995914,8.65971113836945,9.12694532688785,11.3767102890071,7.84079670696799,7.84079670696799,8.31093273947034,8.31093273947034,2.80384646512608,2.80384646512608,5.63001776196132,5.63001776196132,2.59992192190458,2.59992192190458,3.86786465637049,3.86786465637049,4.26327127919395,4.55600274363394,6.89408282514796,6.89408282514796,4.56489594624018,4.56906675372554,4.21990343491412,4.42996715563445,3.13114499823946,3.13114499823946,4.32198114294823,4.32198114294823,Q,TRUE,,,"","Q61L, ??",,,Q61L hyrolysis blocking,TRUE,,L4,,,switch-II,switch-II,,"","",R100,Mg2+/N,"",,TRUE,,,TRUE,TRUE,TRUE,,,,,,,0.15
62,12.2417424821796,15.3092563176661,8.78190121784571,8.78190121784571,10.023709143825,12.6587659351139,10.0150256115499,12.7908855831017,4.95090102910571,4.95090102910571,6.63128803476369,9.64642332680875,4.32525097537704,4.32525097537704,7.85785975950195,10.1997070546168,7.63973782272664,9.48847095163388,11.3827527865627,12.1641990694003,7.93751006298575,9.8247082908349,7.76945017359659,10.0528804827273,7.60237929861435,8.25013551403855,7.84128745806453,9.97052471036504,E,TRUE,,,"","",,,"",TRUE,,L4,,,switch-II,switch-II,,"","","",Mg2+/N,"",,TRUE,,,,,TRUE,,,,,,,0.35
63,8.55398234742158,9.47695547103604,5.81641547690671,5.81641547690671,4.19307178569602,4.19307178569602,6.76573987084931,8.32585142793215,3.09655324514209,3.09655324514209,3.23989212783389,5.97353270686619,2.99614986274051,2.99614986274051,5.5545060986554,6.36609307189267,8.56806471730927,8.56806471730927,12.9884264250909,13.7666454156414,9.66585521306832,9.76322267491631,9.30410882352523,9.37640154856862,9.30846174187766,9.37169040248342,9.61636079813981,10.2168377201559,E,TRUE,TRUE,,"","",,,"",TRUE,,L4,,,switch-II,switch-II,,"","","",Mg2+/N,"",,TRUE,,,,,TRUE,,,,,,,0.44
64,4.02776190954729,5.97363298169548,7.21033210053462,8.10046794944588,3.45943897185656,3.45943897185656,4.07805259897417,4.07805259897417,3.30235627999161,3.30235627999161,3.24049394383017,3.24049394383017,3.28631434893255,3.28631434893255,3.21609530331426,3.21609530331426,7.48212656936516,7.48212656936516,15.0738834080671,17.1004270706904,7.54969224538325,7.54969224538325,7.40949667656312,7.40949667656312,8.89466688527457,8.89466688527457,7.70970874936272,7.70970874936272,Y,TRUE,TRUE,,"","",,,"",TRUE,,L4,,,switch-II,switch-II,,"","",R100,"",phosphorylation,,TRUE,,,TRUE,,,,,,,,,0.86
65,10.298552568201,12.4081769813297,5.5241291621395,5.5241291621395,8.80685619276255,10.6823477756531,8.34956202444175,10.6893506818702,3.47833667145664,3.47833667145664,5.40827985592462,7.20921764132558,3.61642724245906,3.61642724245906,3.6296280801206,3.6296280801206,10.1064366123773,10.8701084631203,13.2698972867163,13.2698972867163,10.756020546652,11.6632288411057,10.5207373315752,11.412532453404,10.7408704023464,10.9816797895404,10.5694642248318,11.422885975094,S,,TRUE,,"","",,,"",TRUE,,L4,,,switch-II,switch-II,,"","","","","",,TRUE,,,,,,,,,,,,0.34
66,8.3681852871456,9.08134351293904,3.60552076682413,5.59512725503183,8.09991969095991,8.09991969095991,8.29718831894275,8.29718831894275,3.50153080808952,3.50153080808952,3.40848426723668,3.81029867595704,3.71841485044367,3.71841485044367,4.20959214176385,4.57682662988232,12.4785034759782,14.6348777241219,16.5845053589186,18.4017432054683,13.1966000924481,15.1564535759524,12.9928049704442,15.1135288400823,13.1083641618625,15.0992251787964,13.0021346708915,15.1726894451841,A,,TRUE,,"","",,,"",TRUE,,L4,,,switch-II,switch-II,,"","","","","",,,,,,,,,,,,,,0.23
67,3.87826275540995,3.87826275540995,3.30952217094855,3.30952217094855,5.00985997808322,5.00985997808322,4.36364755680382,4.36364755680382,3.22566954290113,3.22566954290113,3.33820445748909,3.33820445748909,3.22220250760253,3.22220250760253,3.48765164544855,3.48765164544855,10.9699824065492,10.9699824065492,12.1922861268919,12.1922861268919,10.5304346538972,10.5304346538972,11.0610611154627,11.0610611154627,10.6838168273328,10.6838168273328,10.5301542723742,10.5301542723742,M,,TRUE,,"","",,,"",TRUE,,a2,,,switch-II,switch-II,,R59,"","","","",,,,,TRUE,,,,,,,,,0.68
68,8.5495516256702,10.7543192253159,6.59552734813524,8.11525021179261,9.42671825186263,11.7030866868532,10.040396406517,11.6797637390488,2.89961428469375,2.89961428469375,6.37273387173825,8.62032859002486,4.33631041324304,4.33631041324304,6.8885703886946,9.27915626552328,8.93422526020024,8.93422526020024,10.5621070341102,10.5621070341102,9.30285079962051,9.30285079962051,8.94916454201173,8.94916454201173,8.17514972339956,8.17514972339956,8.87477351823696,8.87477351823696,R,,TRUE,,"","",,,"",TRUE,,a2,,,switch-II,switch-II,,"","","","","",,,,,,,TRUE,,,,,,,0.31
69,10.5780619680545,12.1924130917551,8.64547719909086,10.3043040036676,6.65319058798109,6.65319058798109,11.5351922827493,13.1658414846906,2.78146741846818,3.23324991301322,5.86443424381244,5.86443424381244,3.12473790900933,3.55007126689029,7.0192552311481,9.27990307061449,12.4053060421741,13.1773452941023,15.5041024570918,17.1462305478493,15.2263426994141,16.4536742705087,15.1055757255392,17.2398009559275,14.4662029918013,15.8562158789542,14.7578620741624,17.1555998437828,D,,TRUE,,"","",,,"",TRUE,,a2,,,switch-II,switch-II,,"","","","","",,,,,,,TRUE,,,,,,,0.04
70,7.25444725668331,7.25444725668331,3.41504626615804,3.55931650742105,4.20807854014158,4.20807854014158,7.66813464931335,7.66813464931335,3.06664996372263,3.06664996372263,2.92030734683868,2.92030734683868,3.2251074400708,3.2251074400708,2.47429444488727,2.84641968093253,14.6015365629786,15.580790897769,17.6843425379628,18.7986900341487,16.0644297128781,16.0644297128781,16.312527394613,16.312527394613,15.6843512457481,15.8658161466721,15.9543971681791,16.1853044765923,Q,,TRUE,,"","",,,"",TRUE,,a2,,,switch-II,switch-II,,"","","D153,T122","","",TRUE,,,,,,,,,,,,,0.22
71,3.94895593796639,3.94895593796639,2.78832871089475,2.78832871089475,7.80304671266295,8.42063471479437,8.22989362021163,8.22989362021163,2.96119182087213,2.96119182087213,5.59383070891496,6.47155954928949,2.70347868495389,2.70347868495389,5.88084398704812,5.88084398704812,10.1942690272525,10.1942690272525,14.566138747108,14.566138747108,9.55026502250068,9.55026502250068,9.43713303922329,9.43713303922329,9.32080570551709,9.32080570551709,8.99671456699612,8.99671456699612,Y,,TRUE,,"","",,,"",TRUE,,a2,,,switch-II,switch-II,,"",K132,"","","",TRUE,,,,TRUE,,,,,,,,,0.67
72,10.852942366013,13.2195609987624,9.74065393082005,12.1771777929042,9.87122474670696,10.427344532526,11.2460704692795,13.6171748171197,7.48726685780599,7.48726685780599,6.82810617960793,8.94329005456046,7.7852417431959,7.7852417431959,8.70033769459554,11.0047808247143,12.1382045624549,12.1382045624549,13.9192330607688,13.9192330607688,12.6936324982252,12.6936324982252,12.7956649690432,12.7956649690432,12.4175038151796,12.4175038151796,12.7437508999509,12.7437508999509,M,,TRUE,,"","",,,"",TRUE,,a2,,,switch-II,switch-II,,"","","","","",TRUE,,,,,,TRUE,,,,,,,0.13
73,12.0149645026525,12.0149645026525,7.62908500411419,9.11876905069977,3.72050386372599,3.72050386372599,12.5429531610383,12.5895730666294,2.71139465958019,3.53072712058013,3.52349301120352,3.52349301120352,2.78180445035232,3.52727104147101,6.53787251328748,7.77048936682884,16.4763624626311,18.4614190678832,19.0844986572873,21.0220076586419,17.8130150451854,19.8929697380758,18.0334871835705,20.1169329173212,17.7155756045351,19.4002828329898,17.7575739897093,19.710779335176,R,,TRUE,,"","",,,"",TRUE,,a2,,,switch-II,"",,"","","","","",TRUE,,,,,,,,,,,,,0.01
74,8.54407010739027,8.54407010739027,6.39360227102062,7.24687256683875,8.57105046070784,8.57105046070784,8.89556265786488,8.89556265786488,6.21901189900775,6.36684113199003,3.65573371568554,3.65573371568554,6.37647316312082,6.37647316312082,4.00195052443181,5.2716529665751,17.5027025627473,17.5027025627473,19.6648379856026,19.6648379856026,17.6578453951778,17.6578453951778,17.7296167471268,17.7296167471268,17.1434900180798,17.1434900180798,16.8585355532442,16.8585355532442,T,,TRUE,,"","",,,"",TRUE,,L5,,,switch-II,"",,"","","","","",TRUE,,,,,,,,,,,,,0.52
75,12.2323178506774,12.6829191040549,9.8524410173317,10.0913492160365,11.0980824469816,12.4506913061083,11.36074834683,11.6415411350903,9.22121060381988,9.42658840726591,7.14985769089147,8.56995105003523,10.0903025722721,10.1121347400042,8.24544607647154,10.8361691108989,16.9522874267752,16.9522874267752,18.3528591233083,18.3528591233083,17.2142574919745,17.2142574919745,17.3916027438531,17.3916027438531,17.4456108806771,17.4456108806771,17.0904695663987,17.0904695663987,G,,TRUE,,"","",,,"",TRUE,,L5,,,switch-II,"",,"","","","","",TRUE,,,,,,,,,,,,,0.51
76,11.6591517272913,11.6591517272913,11.2860559098385,11.2860559098385,10.8145843655686,10.8145843655686,13.4202759286089,14.3883256496369,10.8374007031207,10.8634194432508,9.51234902639722,9.51234902639722,11.2016588503668,11.2016588503668,10.6290848618308,11.4362885587939,18.3301707029695,20.2139508508357,19.0032971086599,20.5702330079171,18.521243235809,19.925175432101,18.81296824002,20.6105974197741,18.7525764629824,20.645818244865,18.5834147561744,20.4402362266193,E,,TRUE,,"","",,,"",TRUE,,L5,,,switch-II,"",,"","","","","",,,,,,,,,,,,,,0.03
77,15.5076509181758,17.0157227292878,13.0855665907136,14.5068333208871,15.4579662957324,17.2117003517956,13.7923612554196,15.7293471892511,10.9786985567507,12.7439338118181,12.3178584989437,13.445920942799,11.7164107558586,13.5511242338044,13.6386090199844,16.0367994624863,15.2486537766453,17.3470529485559,15.2606443507475,17.2563098604539,14.9011263332676,17.2186337146709,15.1576532814285,17.2799216722762,15.3404168457053,17.4432556880876,15.157858226016,17.2485304301555,G,,TRUE,,"","",,,"",TRUE,,b4,,,"","",,"","","","","",,,,,,,,,,,,,,0.29
78,15.1662795371838,15.1662795371838,13.5687256955102,13.5687256955102,13.6051656366249,13.6051656366249,13.1484717362894,13.1484717362894,10.7159719111241,10.7159719111241,10.450440851945,10.450440851945,10.8125585316335,10.8125585316335,12.5512342420975,12.7423571602745,13.3120220101982,13.8403230092365,13.4093100120774,14.1499531447988,13.3908978787832,14.0355617628936,13.2633102203032,13.9161467727241,13.4460917741922,14.0076039350062,13.3309006822495,13.8333216907582,F,,TRUE,,"","",,,"",TRUE,,b4,,,"","",,"","","","","",,,,,,,,,,,,,,0
79,15.4095976586023,15.4095976586023,15.1356197098104,15.1356197098104,15.3687546339969,15.3687546339969,14.8985218729913,15.5199665914589,11.314869773886,11.314869773886,15.4387023418421,15.7174594957328,12.8592264930671,12.8592264930671,13.3127013787586,13.3127013787586,9.6398436709316,10.8289843014015,9.80173229587505,10.6815770839329,9.36455546195334,10.890336037056,9.42987491963706,10.5785375170673,9.696346837856,10.8374990196078,9.49325671200352,10.4300367209325,L,,TRUE,,"","",,,"",TRUE,,b4,,,"","",,"","","","","",,,,,,,,,,,,,,0
80,18.4643143387454,20.2170465943965,19.0035424592364,19.6391870249254,18.7673568996809,19.6448767112446,17.8548230178851,18.598503541952,14.441964755531,14.441964755531,17.8359463163579,17.9829590724107,14.3670030973756,14.57275221089,17.6339981853237,18.5602168629572,9.73479044458585,11.6569669296949,10.0104578316878,11.9240339231319,9.82757599817982,11.6788265677678,9.86982076838278,11.7811438324129,9.82436817306844,11.7442569794772,9.79024769860294,11.7677976274237,C,,TRUE,,"","",,,"",TRUE,,b4,,,"","",,"","","","","",,,,,,,,,,,,,,0.01
81,16.216631832782,16.216631832782,17.1427935588107,17.1427935588107,16.2364140437475,16.2364140437475,16.6473382857441,16.6473382857441,10.5748139463539,10.5748139463539,17.0142841753628,17.0142841753628,10.1124139551345,10.1124139551345,15.4360731405367,15.8386237407169,6.38618548117732,6.38618548117732,6.598546809715,6.598546809715,6.66424114209562,6.66424114209562,6.48007368785263,6.48007368785263,6.6245467769501,6.6245467769501,6.28938939802586,6.28938939802586,V,,TRUE,,"","",,,"",TRUE,,b4,,,"","",,"","","","","",,,,,,,,,,,,,,0.02
82,18.361256084484,20.6474928502228,19.7325579690014,21.2017813166724,18.8464015398166,20.5487880421206,18.8069328440339,20.3845761790624,12.1551972423322,14.0966681879088,20.7514584306742,22.0282680435844,12.0719861663274,13.9773799046889,16.6746874333524,17.2744435800404,8.18443040168343,9.67323916793129,8.08958713408787,9.98408824079595,7.98973303684172,9.25799594944824,8.06754863635789,9.54233336244338,8.1276935842833,9.61910988605495,8.1184112361964,9.52585381999955,F,,TRUE,,"","",,,"",TRUE,,b4,,,"","",,"","","","","",,,,,,,,,,,,,,0
83,17.3281016559807,17.3281016559807,18.6656513682218,18.6656513682218,18.1980594844615,18.1980594844615,18.7196751307281,18.7196751307281,10.4962341342026,10.4962341342026,19.8244029922719,19.8244029922719,10.8993749362062,10.8993749362062,15.636419890755,15.636419890755,7.46778856154886,7.46778856154886,7.5704769334567,7.5704769334567,7.61535941371122,7.61535941371122,7.44681609817243,7.44681609817243,7.41416360758245,7.41416360758245,7.36273223742382,7.36273223742382,A,,TRUE,,"","",,,"",TRUE,,b4,,,"","",,"","","","","",,,,,,,,,,,,,,0
84,19.9028087465061,20.8306418048028,20.9599256916622,21.1043983567407,20.7743078344382,21.8747476785448,21.8092871272768,23.6135239428595,13.523686072961,15.1023851427515,22.8186582646745,23.9907528435437,13.4857147011198,14.6017154129232,17.3299516733313,17.3299516733313,7.73988514126663,7.73988514126663,7.94798427275746,7.94798427275746,7.90212781470915,7.90212781470915,8.10630008080135,8.10630008080135,8.15632227171046,8.15632227171046,7.8805884298065,7.8805884298065,I,,TRUE,,"","",,,"",TRUE,,b4,,,"","",,"","","","","",,,,,,,,,,,,,,0.01
85,18.2137424490411,18.2137424490411,17.838513250829,17.838513250829,19.2795000194507,19.2795000194507,20.3806962344273,20.3806962344273,10.58537769756,12.102956374374,20.7930851486738,20.7930851486738,9.22427460562618,10.116297741763,16.1473887981927,16.2363889458217,7.47107522382154,7.47107522382154,7.23066587528424,7.23066587528424,7.09419967297228,7.09419967297228,7.21156758271044,7.21156758271044,7.22797578855934,7.22797578855934,7.45429815609759,7.45429815609759,N,,TRUE,,"","",,,"",TRUE,,L6,,,"","",,"","","","","",,,,,,,,,,,,,,0
86,18.8820482734263,18.8820482734263,17.7288399507695,17.7288399507695,19.4508064871357,19.4508064871357,18.3933575238454,18.3933575238454,8.35549220572912,8.35549220572912,19.0531995738249,19.0531995738249,7.50943573113187,7.50943573113187,11.5407875381189,11.5407875381189,9.11843572110918,9.11843572110918,9.92497073043543,9.92497073043543,8.89398864402243,8.89398864402243,8.63732950627681,8.63732950627681,9.64134471948804,9.64134471948804,8.49606956186212,8.49606956186212,N,,TRUE,,"","",,,"",TRUE,,L6,,,"","",,"","","","","",,,,,,,,,,,,,,0.53
87,23.4798250845274,25.9100288498489,22.2869319557448,23.7506972108189,23.8713140400775,26.1771883134916,23.559751717707,25.7898073858647,12.4185807965323,13.7906606440736,23.7327600796873,25.8802951683322,10.7269683042321,12.0656679052591,16.2607073339385,17.848969998294,13.4545409806504,15.7202353035824,13.510025240539,15.6083652571306,13.2679842101202,15.381189453355,11.5979802120887,13.2449185350458,13.5060117725404,15.7403700401229,13.1695051539532,15.3817739874177,T,,TRUE,,S_NRas,"",,,"",,TRUE,a3,,,"","",,"","","","","",,,,,,,,,,,,,,0.37
88,22.4162249721045,23.1094001003921,16.30496347742,16.30496347742,20.2434615123007,20.2434615123007,21.6921042086746,21.6921042086746,9.78815554637338,9.78815554637338,17.1996523220674,17.1996523220674,8.43946657082069,8.43946657082069,11.7669143788846,11.7669143788846,12.2251993030789,13.0991524153283,11.502960879704,11.502960879704,11.9216011089115,12.0971834738504,10.8555331974068,10.8555331974068,11.9430258728682,13.0028892943069,11.8760523744214,11.9262852556863,K,,TRUE,,"","",,,"",,TRUE,a3,,,"","",,"","","","","",,,,,,,,,,,,,,0.36
89,19.8149417612064,19.8149417612064,18.6368559848489,18.6368559848489,19.9180784715795,19.9180784715795,19.0692898923898,19.0692898923898,10.6813593236067,11.4373842289223,19.9676698941063,19.9676698941063,10.6821941566328,11.506744152887,13.7099558715555,13.7099558715555,8.79278056134691,8.79278056134691,8.94416491350646,8.94416491350646,8.52496434010137,8.52496434010137,8.70248705830696,8.70248705830696,8.63867912356977,8.63867912356977,8.48184184007224,8.48184184007224,S,,TRUE,,"","",,,"",,TRUE,a3,,,"","",,"","","","","",,,,,,,,,,,,,,0.57
90,22.7954102617172,24.3766885979208,21.716299178267,24.0796896574686,22.9259889863011,24.7544208778957,22.128216783103,24.2802562795371,13.2670743195326,16.1955122487682,22.4220823966018,24.6916610619861,12.8319771274734,15.0390834162192,16.3473600009298,18.7112507866257,11.6399186423274,13.409901341919,11.9491534009736,13.9415183176009,11.3979506052623,13.3346777238897,11.6375101288893,13.5824016653904,11.5075459590653,13.3923519218993,11.339562734074,13.3166546099236,F,,TRUE,,"","",,,"",,TRUE,a3,,,"","",,"","","","","",,TRUE,,,,,,,,,,,,0.01
91,25.4257980012428,27.174004875984,23.1620526076598,23.7162972868869,23.6615962479288,25.498214153152,23.9039192184043,25.1945501646686,9.62888679962538,11.8555295537568,21.3219060358121,22.8027461065548,9.20066291089941,11.5076406791314,17.2934351995201,17.3883489152938,14.129404269112,15.9187369473837,14.2612127464673,15.5862456672542,13.7262927988587,15.3748020800269,13.8461744897282,15.3005823745373,13.743591597541,15.4971660312458,13.7450926879378,15.4097516527684,E,,TRUE,,A_NRas,"",,,"",,TRUE,a3,,,"","",,"","","","","",,TRUE,,,,,,,,,,,,0.12
92,21.4517812080955,22.4817839149833,18.0912267135206,18.0912267135206,19.4482982803123,19.4482982803123,19.4395859266601,19.4395859266601,9.17602381208767,9.17602381208767,17.0380720446886,17.0380720446886,7.79846516950611,7.79846516950611,12.6307777670261,12.6307777670261,11.8257554092751,11.8257554092751,11.1668526004421,11.1668526004421,9.9324108855806,9.9324108855806,10.1104144821071,10.1104144821071,10.2814556362414,10.2814556362414,10.3804966162511,10.3804966162511,D,,TRUE,,"","",,,"",,TRUE,a3,,,"","",,"","","","","",,TRUE,,,,,TRUE,,,,,,,0.6
93,22.0959292857304,22.0959292857304,21.9267778982686,21.9267778982686,20.6028559428056,20.7697208936471,19.8936175694618,19.8936175694618,10.3432686323038,12.8498377032552,19.5759048577582,20.2938467767942,9.9006481606004,12.5417039113511,17.6213796849168,18.0423589643927,10.887980437161,10.887980437161,11.0861611029247,11.0861611029247,10.198875918453,10.198875918453,10.1142611198248,10.1142611198248,10.8236530801758,10.8236530801758,10.5566042362116,10.5566042362116,I,,TRUE,,"","",,,"",,TRUE,a3,,,"","",,"","","","","",,TRUE,,,,,,,,,,,,0.26
94,24.3084968272413,26.8512581083271,24.5455051078604,26.3435347096778,18.7917022645635,21.9457299719103,23.1636205719227,25.1852773063947,6.64676567963698,6.64676567963698,19.4287994997118,21.2889235754183,6.29297552831727,6.29297552831727,17.0684254399754,17.0684254399754,15.166910595108,17.3513861117779,15.3037930592386,17.0310165873914,14.5365933767166,16.0790023944273,14.556716216235,16.0663792436255,15.0481439054788,16.3102241860742,15.1624361169306,17.322023929091,H,,TRUE,,N_NRas,"",,,"",,TRUE,a3,,,"","",,"","","","","",,TRUE,,,,,,,,,,,,0.01
95,18.7033760054168,18.7033760054168,21.9737684751615,22.1628331221439,16.2604983010977,18.9194861980975,20.1426304637701,20.4040204371589,3.04100082209789,3.04100082209789,13.8366012445253,13.8366012445253,2.94413892335264,2.94413892335264,12.4826681843266,12.4826681843266,11.654407921469,11.654407921469,15.2274965112457,15.4720675089013,13.4158306861707,13.4158306861707,14.1229734121395,14.1229734121395,14.2757970355424,14.2757970355424,13.6431305425111,13.6431305425111,H,,TRUE,,"Q_HRas,L_NRas","",,,"",,TRUE,a3,,,"","",,"","","","","",,,,,,,TRUE,,,,,,,0.51
96,17.2155690873116,17.2155690873116,15.7933965947797,15.7933965947797,14.5364899133181,14.5364899133181,14.3260301200298,14.3260301200298,7.53653514554268,7.53653514554268,12.3802166782331,12.3802166782331,7.84961865315762,7.84961865315762,11.1115619964072,11.1115619964072,7.10615127899766,7.10615127899766,8.76081668567492,8.76081668567492,7.21478267170952,7.21478267170952,7.06792678230328,7.06792678230328,7.06231845784371,7.06231845784371,7.05665104706192,7.05665104706192,Y,,TRUE,,"","",,,"",,TRUE,a3,,,"","",,"","","","","",,,,,,,TRUE,,,,,,,0.36
97,22.2126805226204,24.0270581636621,21.7790996370373,23.3201664230768,15.7768248072925,18.6381613631817,20.5797286182301,22.4168931388808,9.38783745065924,10.7474285761758,16.4911610567601,19.1570217152876,9.18550189156804,10.4124676710182,17.3585610578757,19.5264412016117,14.5631950477909,16.7213853792083,15.2720189889877,16.9590588477073,14.933364557259,16.713725437496,14.9039602119705,16.643332178383,15.0182291898879,16.8388531676002,15.0386730132682,17.0446872661249,R,,TRUE,,"","",,,"",,TRUE,a3,,,"","",,"","","","","",,,TRUE,,,,,,,,,,,0.04
98,21.7606593650101,23.6833766384779,22.4261405507056,24.9437606226487,13.2181049322511,15.9451650665648,21.944449890576,22.8026795574555,5.63341974292703,5.63341974292703,15.8540791596359,17.748365135978,5.67275056740555,5.67275056740555,15.6034570528457,16.0306847639145,16.6972710644584,17.8513883773784,17.9489550113649,19.7697001241799,17.364161137239,18.6987745587779,17.4540930729729,18.0282534095791,17.3599885080607,18.705597076811,17.5264956851049,18.7746384785433,E,,TRUE,,"","",,,"",,TRUE,a3,,,"","",,"","","","","",,,,,,,,,,,,,,0.2
99,18.2714388322321,18.2714388322321,16.3976047946034,16.3976047946034,10.683695100479,11.3090723315398,15.0257510294827,15.0257510294827,5.15139573319697,5.60302748520833,9.22166606422071,9.22166606422071,5.30705313709972,6.03260325232814,9.56471165273685,9.56471165273685,13.5652855849038,13.5652855849038,13.8470618183064,13.8470618183064,13.4527820542816,13.4527820542816,13.2237309788123,13.2237309788123,12.9843319812765,12.9843319812765,13.7714988291035,13.7714988291035,Q,,TRUE,,"","",,,"",,TRUE,a3,,,"","",,"","","","","",,,,,,,TRUE,,,,,,,0.42
100,18.429184273863,18.429184273863,17.27964290719,17.27964290719,11.3863852912151,13.7297265085653,16.7246536884923,16.7246536884923,6.86024460205319,9.12520964142742,11.837729174128,12.966873216007,7.22490311353723,9.29401759197819,14.8852637531217,15.3082442167611,14.2300571327033,14.2300571327033,14.6448392275231,14.6448392275231,14.5639191840658,14.5639191840658,14.2889009724331,14.2889009724331,14.3753966901787,14.3753966901787,14.3336387913188,14.3336387913188,I,,TRUE,,"","",,,"",,TRUE,a3,,,"","",,"","","","","",,,,,,,TRUE,,,,,,,0.19
101,21.1473232821556,23.4215991341326,20.1761345158085,22.7498757359244,11.2127504208379,14.2066817378303,20.3969473696433,22.8048202360817,6.95292154421435,9.14540294355585,13.501337007867,15.9339301178335,7.15343351125877,9.2834089105242,16.8981277661166,19.3528855987938,18.3715856147476,20.4174490081401,19.6188724956354,21.5324223672117,19.4400665122319,21.3970683973296,19.1066407827226,20.896785159445,19.0398892328711,20.9518073922037,19.2805163053275,21.1048410797144,K,,TRUE,,"","",,,"",,TRUE,a3,,,"","",,"","","","","",,,TRUE,,,,,,,,,,,0
102,16.3939589483444,16.3939589483444,18.0082139036607,21.5687696913848,8.35705193235031,9.01150941851586,20.0893722400676,20.0893722400676,3.01120872740499,3.01120872740499,11.3768902605237,11.3768902605237,2.82707021490447,2.82707021490447,10.6341245996086,10.6341245996086,15.9382323361156,15.9382323361156,21.4532582606932,22.2704616925649,18.8075462514385,18.8075462514385,18.769698798862,18.769698798862,18.5618945692513,18.5618945692513,20.9694512326861,21.1852142070832,R,,TRUE,,"","",,,"",,TRUE,a3,,,"","",,"","","","","",,,,,,,,,,,,,,0.33
103,14.7909235005797,14.7909235005797,14.7257498960155,15.1828158455538,6.72875293052137,7.04035119862639,15.3666356434972,15.3666356434972,3.40663264823198,3.40663264823198,7.68959634831375,7.68959634831375,3.32011400406673,3.32011400406673,10.9658240456429,11.7636228263235,16.590741906256,16.590741906256,18.9622256341391,18.9622256341391,18.4770188612774,18.4770188612774,18.1440274195119,18.1440274195119,18.0679390357617,18.0679390357617,18.5467544869716,18.5467544869716,V,,TRUE,,"","",,,"",,TRUE,a3,,,"","",,"","","","","",,,,,,,TRUE,,,,,,,0.59
104,15.0470525352974,15.0470525352974,12.8236540814231,14.0051018561094,8.83939172115367,10.1381458363943,15.5768595358628,15.5768595358628,5.97711452123849,8.1620851502542,7.72060969095058,7.72060969095058,6.07172611371758,8.534026365087,9.15660816023052,10.5188482259228,18.963700087272,18.963700087272,20.3539452932349,20.3539452932349,20.0053059461734,20.0053059461734,19.7092436435293,19.7092436435293,19.5349659329112,19.5349659329112,19.6798066301476,19.6798066301476,K,,TRUE,,"","",,,"",,TRUE,a3,,,"","",,"","","","",ubiquitylation,,,,,,,,,,,,,,0.25
105,20.4580248069065,21.4827822453238,17.8532669839444,19.5612395057164,9.05293609830535,9.63562831371157,20.7593652118749,22.3345557153036,2.95717449603503,2.95717449603503,11.5744690590973,12.2501633458497,4.33177123126326,4.33177123126326,14.0299571631563,15.8875777260097,22.2518734716877,24.5148392815454,24.0145831111015,26.3733857136318,23.8740369858137,26.2127703419536,23.3244470459645,25.6198609090682,23.1712423059274,25.4726351601086,23.7800029015978,26.097690587483,D,,TRUE,,"","",,,"",,TRUE,L7,,,"","",,"","","","","",,,,,,,,,,,,,,0.31
106,22.4825817912445,22.4825817912445,19.833950791509,21.174306458536,12.1883230593876,13.7135584368172,22.7804212647615,22.7804212647615,6.9247433165425,8.87620870642415,14.0336494897087,14.2244530650567,7.8130647635867,9.98343112361677,16.4482683283074,17.6646184787558,22.3109758415001,24.1992026521536,23.6929740429521,25.042344458936,23.8862058309812,24.9923489692346,23.6907173593372,24.7773139181793,23.1619400957692,24.7186120160498,23.2504956936406,25.1346193327053,S,,TRUE,,"","",,,"",,TRUE,L7,,,"","",,"","","","","",,,,,,,,,,,,,,0.86
107,25.3421198205675,27.5330153996979,23.0897446932616,26.5989479115246,15.717241806373,16.2214189884856,25.450784152949,27.6297551744492,8.72166847569891,8.72166847569891,17.0433812959753,19.4429452758578,9.51187489404692,9.87426133946231,19.3616621445577,23.0510259424608,23.9070984228534,25.0824465513235,23.9381368113728,26.6222087926603,24.3620316271037,25.9808124969178,25.251978100735,26.58988817201,24.6668636230876,24.92625354922,23.9306502210032,25.5659839826282,E,,TRUE,,"D_HRas,D_HRas","",,,"",,TRUE,L7,,,"","",,"","","","","",,,TRUE,,,,,,,,,,,0.33
108,22.2509186551926,24.7732414915772,20.7251556327088,23.5986654919298,17.3862677421004,18.6465699258604,23.0273883017593,25.232643044279,11.6465190507722,13.4424098285984,15.9453093416214,18.6321897263848,12.0800907281361,14.2016878926415,18.3472544540048,20.2168437942227,23.5530485075712,25.8207621498669,23.7848056960741,24.1530880220315,23.2878159130477,25.8047286364341,23.6408743281631,25.4442226251855,23.6309962972364,26.0658430325973,23.6706896392986,25.3585498993929,D,,TRUE,,"","",,,"",,TRUE,L7,,,"","",,"","","",Ca2+,"",,,TRUE,,,,,,,,,,,0.77
109,19.7738730146626,19.7738730146626,17.6266493979996,17.6266493979996,14.3589285811999,14.3589285811999,18.6727254036469,18.6727254036469,11.0420969475911,11.0420969475911,13.1620254520343,13.1620254520343,11.3711767201113,11.3711767201113,15.1522391084618,16.5052109650256,19.2900664591909,19.2900664591909,19.6622319180708,19.6622319180708,19.3853297366849,19.3853297366849,19.490433909998,19.490433909998,19.4531457867359,19.4531457867359,19.6927710848423,19.6927710848423,V,,TRUE,,"","",,,"",,TRUE,b5,,,"","",,"","","","","",,,TRUE,,,,,,,,,,,0.64
110,19.7282526849187,19.7282526849187,17.6057276475583,18.1888703057667,16.8064408486747,16.8064408486747,18.4701685428152,19.6648667424928,15.3416173202176,15.4134863350249,14.9928420587959,14.9928420587959,15.5037698963833,15.5037698963833,16.4717010657673,17.6846599345308,17.6621720634808,20.2282102520218,17.9670769186309,20.468699665587,17.6629550755246,20.318237128255,17.7134009721454,20.2614170777861,17.9016301771654,20.5868472816991,17.8782107885549,20.3245795528468,P,,TRUE,,"","",,,"",,TRUE,b5,,,"","",,"","","","","",,,TRUE,,,,,,,,,,,0.19
111,21.8893264857556,22.2772303709415,19.6788186129148,19.6989521041095,16.8861144435302,16.8861144435302,19.5833176453838,19.5833176453838,12.9145610068635,12.9145610068635,16.2964850811456,16.2964850811456,13.1392383721432,13.1392383721432,18.7806012949533,19.6928491336322,15.8215169310657,15.8215169310657,16.0476107567451,16.0476107567451,16.4698198532953,16.4698198532953,16.6038685853629,16.6038685853629,16.3855972121861,16.3855972121861,15.9563212238912,15.9563212238912,M,,TRUE,,"","",,,"",,TRUE,b5,,,"","",,"","","","","",,,TRUE,,,,,,,,,,,0.09
112,20.5569958165098,21.1688929800309,20.3296635732124,20.7125684066462,20.7913603210564,21.4699985561248,20.0061351839879,20.9340091477959,16.5446680232636,16.5446680232636,19.5501516106653,19.8964485273126,17.279730698133,18.2025696262918,15.1414059452879,15.1414059452879,13.2742437072701,14.9977141591644,13.5887581846172,14.4898980327675,13.273570506838,14.696915866943,13.2557533546759,14.6888907001176,13.3697213134755,14.7464107158318,13.2425589672087,14.8689966372987,V,,TRUE,,"","",,,"",,TRUE,b5,,,"","",,"","","","","",,,,,,,,,,,,,,0.06
113,22.236396762965,23.7090654813723,22.7258176530571,24.5519273988826,22.408829264377,24.1442083117256,22.3869613391367,23.6172905516276,16.9925551051041,16.9925551051041,22.1342728138966,23.5003929541614,16.7058568771554,16.7058568771554,16.4659753431128,19.3875945387766,13.1426272487658,13.2992090366307,13.0107077824383,13.5274037050722,13.0453029861326,13.5219265269413,13.1969393421354,13.8349821467178,13.1951678276557,13.5342798109098,13.0785449496494,13.3773128093799,L,,TRUE,,"","",,,"",,TRUE,b5,,,"","",,"","","","","",,,,,,,,,,,,,,0
114,18.5273443590818,18.5273443590818,18.8893373361799,18.8893373361799,18.3640019059028,18.3640019059028,19.0724725979617,19.4908380014816,14.0809829202368,14.0809829202368,19.4612695115195,19.4612695115195,12.8117471095866,12.8117471095866,13.5712856428564,13.5712856428564,8.72397575650001,8.72397575650001,8.51010699110181,8.51010699110181,8.53688239347363,8.53688239347363,8.69763559825313,8.69763559825313,8.80446807024706,8.80446807024706,8.67930233371324,8.67930233371324,V,,TRUE,,"","",,,"",,TRUE,b5,,,"","",,"","","","","",,,,,,,,,,,,,,0.01
115,19.6671517256567,20.6782667793991,20.5447614977639,21.6898160895845,20.3415343816537,21.4136420302573,21.6204630153935,22.3277141911124,14.1145747013504,15.033558826838,22.2928863541714,23.2602640139789,13.2643999110401,14.3094735752228,14.8626911425892,16.6458234401306,7.28411847789422,8.93881496620218,7.28559709289499,8.95032770349778,7.25290789959447,8.93950227920996,7.31603205296423,9.03636846304974,7.30792733954026,9.00561968994916,7.34811526855697,9.03454569970178,G,,TRUE,,"","",,,"",,TRUE,b5,,,"","",,"","","","","",,,,,,,,,,,,,,0
116,13.8058110953323,13.8058110953323,14.8052105692557,14.8052105692557,14.6857556496082,14.6857556496082,16.2034789474359,16.2034789474359,8.25784899353336,8.25784899353336,17.3715210617839,17.3715210617839,7.60672235591651,7.60672235591651,11.9065306869801,11.9065306869801,3.08355136166077,3.08355136166077,3.06014721868082,3.06014721868082,3.04065683693507,3.04065683693507,3.17188366747584,3.17188366747584,3.08778140418003,3.08778140418003,3.15099523960288,3.15099523960288,N,,TRUE,,"","",,,"",,TRUE,L8,,,"","",,"","","",Mg2+/N,"",,,,,,TRUE,,,,,,,,0
117,13.5312456558884,13.5312456558884,13.8071843255604,13.8071843255604,14.5304039861251,14.5304039861251,15.8494737767536,15.8494737767536,11.3890844232537,13.9531377116404,16.0815504538586,16.0815504538586,9.84893948605635,12.5481767201454,13.4154108770473,13.6489482745009,3.10838398528882,3.10838398528882,2.86169897089124,2.86169897089124,3.34911212114495,3.41505212258905,3.36470325586076,3.36470325586076,3.35593533906719,3.35593533906719,3.21741417911963,3.21741417911963,K,,TRUE,,"","",,,"",,TRUE,L8,,,"","",,"","","",Mg2+/N,"",,,,,,TRUE,,,,,,,,0.03
118,18.8354438492965,20.9928353968681,19.1666641072462,20.8948057420977,19.7172277970307,21.7139588744199,21.4257729382163,22.5852835713878,7.89514996691006,7.89514996691006,22.4197426613242,22.8623993710197,7.86297659922755,7.86297659922755,12.6632797489434,12.6632797489434,4.78083015803741,6.86796636567187,4.99291477996571,6.95465736035931,4.81913954975367,6.75325802853704,5.04259615674307,6.73003729558759,4.8878319324625,6.91121950165093,4.86346018797317,6.68325616746807,C,,TRUE,,"","",,,"",,TRUE,L8,,,"","",,"","","",Mg2+/N,"",,,,,,TRUE,,,,,,,,0.33
119,16.562257243504,16.562257243504,15.4609242608584,15.4609242608584,17.650883518963,17.650883518963,18.6688308418069,18.6688308418069,9.01287318228766,9.01287318228766,20.0619503039959,20.0619503039959,9.18773143926182,9.18773143926182,10.6023800158266,10.6023800158266,2.77159538894118,2.77159538894118,2.57659174104087,2.57659174104087,2.59501926775121,2.59501926775121,2.77396124702563,2.77396124702563,2.74983163120944,2.74983163120944,2.67877826629977,2.67877826629977,D,,TRUE,,"","",,,"",,TRUE,L8,,,"","",,"","","",Mg2+/N,"",,,,,,TRUE,,,,,,,,0.21
120,17.4863325199997,17.4863325199997,16.09959083331,16.09959083331,18.4488224827494,18.4488224827494,19.8916963831645,19.8916963831645,13.1445761437941,13.5533781028938,20.5500525790082,20.5500525790082,12.0249609562776,13.3419311195943,13.6979570009546,14.2774269740735,3.57791405710087,3.57791405710087,3.57595875255853,3.57595875255853,3.36274976767526,3.36274976767526,3.58057956202624,3.58057956202624,3.57197284424168,3.57197284424168,3.60330917352369,3.60330917352369,L,,TRUE,,"","",,,"",,TRUE,L8,,,"","",,"","","","","",,,,,,TRUE,,,,,,,,0.44
121,21.2028636745134,21.2028636745134,19.5256199133344,19.5256199133344,23.3995154650689,25.5093206691201,24.6205643517772,26.6846136378251,11.4461247590615,11.4461247590615,24.2629291924945,24.2629291924945,10.8220754941,10.8220754941,16.6720877216982,18.1600899226849,6.98503142441034,6.98503142441034,7.250212341718,7.250212341718,7.5870013839461,9.73443295729135,7.96383337344523,10.1439129530966,7.91078795064057,10.14623304483,7.23045192225216,7.23045192225216,P,,TRUE,,A_HRas,"",,,"",,TRUE,L8,,,"","",,"","","","","",,,,,,,,,,,,,,0.42
122,24.8839632494504,25.4171616432677,21.7280227586405,22.2439849622319,24.5397601862773,25.2012095146245,25.8144268772328,25.8760565967846,13.3809927135471,14.3740177751386,25.6354795157025,27.7454504018226,12.5561415649872,13.6186214794303,19.3105872774497,20.8499933093515,10.7062238441012,11.7725090783571,9.17639716882394,10.6296369175998,9.58799530663215,10.6542376076376,9.53364694122873,10.1038851933303,9.50416903258775,10.1956113597959,9.13186804547679,11.5904975734435,S,,TRUE,,"A_Hras,T_NRas","",,,"",,TRUE,L8,,,"","",,"","","","","",,,,,,,,,,,,,,0.95
123,24.4902802964768,24.5467676079764,23.9600844113705,24.4606891767178,25.6034927500136,25.6034927500136,27.1823798443036,27.3485195394559,15.6066064857162,17.5054479519948,27.1952090633626,27.3657980333116,14.5995038614331,16.2856732436826,18.158534825255,18.158534825255,10.8686378631363,10.8686378631363,11.2849439520097,11.2849439520097,10.9057939188305,10.9057939188305,10.9959007361835,10.9959007361835,11.0387863010387,11.0387863010387,10.9052652420746,10.9052652420746,R,,TRUE,,"","",,,"",,TRUE,L8,,,"","",,"","","","","",,,,,,,,,,,,,,0.84
124,24.4907641775425,24.4907641775425,24.4119561076125,24.4119561076125,25.4167720019675,25.4167720019675,25.4817060849544,25.4817060849544,13.0585320001905,13.0585320001905,26.3492968407129,26.3492968407129,11.7987261600564,11.7987261600564,19.0122311420832,19.0122311420832,12.5333912808944,12.9048252215983,12.7755207330269,13.2481430019456,12.7460857128767,13.266038745609,12.6313689281883,12.6313689281883,12.89159098017,13.2251083171368,12.7915735154046,13.1027323104763,T,,TRUE,,"","",,,"",,TRUE,L8,,,"","",,"","","","","",,,,,,,,,,,,,,0.31
125,24.5205417966243,24.5205417966243,24.9606517943743,24.9606517943743,25.1791816189486,25.1791816189486,25.5239728882476,25.5239728882476,16.3478687601779,16.3478687601779,26.6644404591583,26.6644404591583,14.8488164511519,14.8488164511519,19.9166225299371,19.9166225299371,12.9947692938351,13.2738790110502,13.5696534959445,13.5696534959445,13.3156482756192,13.3156482756192,13.3506132817935,13.5952750983568,13.5581301070612,13.72392669756,13.4881892409619,13.545579241952,V,,TRUE,TRUE,"","",,,"",,TRUE,L8,,,"","",,"","","","","",,,,,,,,,,,,,,0.55
126,27.9193347521032,29.9801612570713,28.7937192630615,29.7113064505753,29.0193421875824,31.3184231723119,29.5315000296294,31.8699260275263,19.967189336509,19.967189336509,30.9429553372007,33.3463865958517,18.7522961527382,19.2119820945159,23.3127162081127,24.7953885631986,15.2307842542661,16.8669723720649,14.9441095418897,15.2459478222904,15.6749943859639,17.6805368696768,15.5997864087942,17.396543650967,15.7540557635169,16.631288855648,15.6336951486205,17.6360521092449,D,,TRUE,TRUE,E_HRas,"",,,"",,TRUE,L8,,,"","",,"","","","","",,,,,,,,,,,,,,0
127,28.6281434431225,28.6281434431225,28.0438508411381,28.0438508411381,28.294338744703,28.294338744703,29.8053350090215,29.8053350090215,22.4432015541455,22.7842669182048,30.3689179919206,30.3689179919206,21.4221554937873,21.7111207909679,19.856557682539,19.856557682539,14.8302282180687,14.8302282180687,10.3554320527924,10.3554320527924,13.9464181423045,13.9464181423045,13.9275911054281,13.9275911054281,14.2667150038122,14.2667150038122,13.9031156939731,13.9031156939731,T,,,TRUE,S_HRas,"",,,"",,TRUE,a4,,,"","",,"","","","","",,,,,,,,,,,,,,0.55
128,31.1780595611722,33.4595153282291,32.0169826654543,34.5660681160007,31.5908376273881,33.9527844218998,32.2504790196983,34.518421762879,22.6244018926468,25.4177390221868,33.5191008978463,35.9565061289331,22.3758026671671,25.1347161113867,23.562999851462,25.7585476880976,18.0044091821976,20.3915672276557,13.6278528756367,14.7131762036618,17.8604759735008,20.271825176831,17.6395730390506,20.0430770841206,17.8319652310114,20.2288735474816,17.6737462638797,20.1448840403712,K,,,TRUE,R_HRas,"",,,"",,TRUE,a4,,,"","",,"","","","","",,,,,,,,,,,,,,0.37
129,29.3992195304569,29.3992195304569,29.4695539328304,29.4695539328304,29.9933680169467,29.9933680169467,30.2900775502474,30.2900775502474,19.3569281137271,19.3921857715937,29.8008818829242,29.8008818829242,18.4529152439391,18.4529152439391,23.7352201801458,23.7352201801458,17.4478513576887,17.4478513576887,16.4268721916255,17.8951875653763,17.7177096996198,17.7177096996198,17.7440119476966,17.7440119476966,18.4706914326454,18.8358666644251,18.2646553211387,18.3050289538149,Q,,,TRUE,"","",,,"",,TRUE,a4,,,"","",,"","","","","",,,,,,,,,,,,,,0.67
130,26.7911666599273,26.7911666599273,28.0369999108321,28.0369999108321,27.3588771333913,27.3588771333913,27.7809809762003,27.7809809762003,19.8527653489382,20.49698716885,29.0080124276035,29.0080124276035,19.5793910528392,20.4542983746693,21.4153719089816,21.4153719089816,14.5836871538031,14.5836871538031,14.9981914909765,14.9981914909765,14.8332483293445,14.8332483293445,15.0597161327829,15.0597161327829,15.1000159271439,15.1000159271439,14.9289055526519,14.9289055526519,A,,,TRUE,"","",,,"",,TRUE,a4,,,"","",,"","","","","",,,,,,,,,,,,,,0.35
131,29.5627098385787,30.3660638707094,30.5199290628271,31.046572709399,30.0250346710874,30.6388311297934,30.4505566123183,31.4339455207265,21.2644230817579,23.7791704859526,30.7158499963781,31.9683533201196,21.1275070228364,23.6488683238755,20.1199387673025,20.1199387673025,17.3738287375006,17.7000832483918,9.68324181253365,9.68324181253365,17.4378715444288,17.8203308050103,17.2909561331929,17.2909561331929,17.7274449935686,17.8140044908493,17.4891737940933,17.8399060815914,Q,,,TRUE,H_NRas,"",,,"",,TRUE,a4,,,"","",,"","","","","",,,,,,,,,,,,,,0
132,31.8890110382872,33.438981937254,32.7733491422528,34.8075901061823,29.4728950223761,32.345277568758,32.0750159158183,34.1838749266376,18.6566100082518,20.5808533350782,30.0926407781039,32.9704216078594,18.6506716769129,20.5390518768516,24.9401353845564,27.3701431855955,20.0539598334095,21.7963914673966,15.2719078375951,15.4326204190993,20.1955755798145,22.1026800637389,20.3392198965447,22.2694363871204,20.4828036655142,22.3974843453456,20.2183365784626,22.0646383156398,D,,,TRUE,E_NRas,"",,,"",,TRUE,a4,,,"","",,"","","","","",,,,,,,,,,,,,,0.56
133,27.0792840378028,27.0792840378028,27.857566171509,27.857566171509,25.7349005632429,25.7349005632429,27.1877888766262,27.1877888766262,13.9799615521646,13.9799615521646,25.9201162227333,25.9201162227333,14.0005124906198,14.0005124906198,23.2029551781664,23.2029551781664,15.9392264868782,15.9392264868782,17.1198478381088,17.1198478381088,16.7769747272862,16.7769747272862,16.9041601388534,16.9041601388534,16.8135002007316,16.8135002007316,16.6600371248086,16.6600371248086,L,,,TRUE,"","",,,"",,TRUE,a4,,,"","",,"","","","","",,,,,,,,,,,,,,0.56
134,28.2613575753183,28.2613575753183,28.461101489577,28.461101489577,26.5867479959472,28.044965787107,27.909444297585,27.909444297585,18.1271607815455,19.6240650477927,26.4652158502439,27.1021047706631,18.0002389706359,19.633211326729,21.6107035285758,21.6107035285758,18.3071558140526,18.3071558140526,15.3328060706447,15.3328060706447,18.1878468489264,18.1878468489264,18.5097735534501,18.5097735534501,18.7409680646438,18.7409680646438,18.574998627187,18.574998627187,A,,,TRUE,"","",,,"",,TRUE,a4,,,"","",,"","","","","",,,,,,,,,,,,,,0.18
135,31.0608130769302,33.4455037486356,30.6621676500537,32.897385260838,27.8747937929593,30.4801149112007,30.3840521655687,32.7751500988173,19.0385479750952,21.2651793549925,28.2948285204205,30.6437177085288,19.1362493712849,21.2065219684889,24.4726320815723,24.9873533812607,21.2603927292042,23.1337698397818,9.92955069476963,9.92955069476963,21.1842280246414,22.5651888757883,21.5733324732179,23.34844825679,21.7802904021044,23.2228671356489,21.6310744300878,23.3314337964901,R,,,TRUE,"","",,,"",,TRUE,a4,,,"","",,"","","","","",,,,,,,,,,,,,,0.03
136,31.5027414362623,31.5027414362623,30.5731224934582,31.0379515110131,25.1743224337816,26.7615599694786,30.3248479303689,30.6828984778166,15.173487469926,15.173487469926,26.3970892713572,28.1689992722496,15.3648000963241,15.3648000963241,26.8170331319481,26.8170331319481,21.3855927904746,21.3855927904746,17.9679028548131,20.1994921965875,22.9924782483316,22.9924782483316,22.4742450151279,22.4742450151279,22.2202160655562,22.2202160655562,23.2396486634372,23.2396486634372,S,,,TRUE,"","",,,"",,TRUE,a4,,,"","",,"","","","","",,,TRUE,,,,,,,,,,,0.8
137,27.6649056025861,27.6649056025861,26.4176776609906,26.4176776609906,22.7308416034251,22.7308416034251,25.4714778526885,25.4714778526885,11.1874789385277,11.1874789385277,23.1798756036352,23.2652670089986,10.9772231916819,10.9772231916819,21.5927370196555,21.5927370196555,17.9370653675566,17.9370653675566,18.1993782860844,18.1993782860844,17.3557816879563,17.3557816879563,17.5803216694121,17.5803216694121,17.7403522231099,17.7403522231099,17.7076239230451,17.7076239230451,Y,,,TRUE,"","",,,"",,TRUE,L9,,,"","",,"","","",Ca2+,phosphorylation,,,TRUE,,,,,,,,,,,0.72
138,29.3132231083516,30.8353773772918,26.8384826135905,28.5611140013831,24.9181226018334,25.5235421914749,27.9049972048019,29.1151052376597,18.0642374320091,19.2717922882123,23.898251672455,25.3657991397866,18.1117505780087,19.3010205429661,23.6324873637965,25.272209677826,22.525685827517,23.4586313539388,17.8909415627015,18.218374241408,22.6015629769271,23.441778900075,22.8779475478025,23.706608593386,22.7510780843458,23.6674902978748,22.6949797532406,23.6045788778364,G,,,TRUE,"","",,,"",,TRUE,L9,,,"","",,"","","","","",,,TRUE,,,,,,,,,,,0.21
139,25.2022467649216,25.2022467649216,23.9006864754969,23.9006864754969,22.6598659086942,22.6598659086942,23.6754063534293,23.6754063534293,17.0009667078081,17.0009667078081,21.7279069171423,21.7279069171423,16.9240531197465,16.9240531197465,20.6417938658441,21.2609776821293,17.1799961874268,17.1799961874268,15.0081368930324,17.4973591435965,17.1760530390425,17.1760530390425,17.4048408783304,17.4048408783304,17.3282313869593,17.3282313869593,17.3553787051738,17.3553787051738,I,,,TRUE,"","",,,"",,TRUE,b6,,,"","",,"","","","","",,,TRUE,,,,,,,,,,,0.73
140,25.0486922612738,25.4873603380185,24.4050668099885,24.4050668099885,25.1725134422449,25.7262225948545,23.6146886704017,24.8136276670704,21.1648731156131,21.9473489287431,23.3986597479428,23.3986597479428,20.7701556566146,21.8743709852421,17.3898810519221,17.3898810519221,16.7180918169509,18.2652098537082,13.6311106664131,13.6311106664131,16.5969583056655,18.0636228093924,16.7075975532091,18.4026120971997,16.7190677670736,18.4517442535929,16.7663234491048,18.4309781346515,P,,,TRUE,"","",,,"",,TRUE,b6,,,"","",,"","","","","",,,TRUE,,,,,,,,,,,0.17
141,24.2808665825584,24.2808665825584,25.0410382771961,25.0410382771961,24.8520808183138,24.8520808183138,24.8371561375291,25.7901557575754,18.4631866696949,18.4631866696949,25.9270695220266,26.1893236835165,17.8914783626172,17.8914783626172,15.9501582750768,18.0303289210153,12.2971308035655,12.2971308035655,10.9322864945994,12.2809101454249,11.9038068280698,11.9038068280698,11.9613779306567,11.9613779306567,11.8002764798118,11.8002764798118,12.6386036016642,12.6386036016642,F,,,TRUE,Y_HRas,"",,,"",,TRUE,b6,,,"","",,"","","","","",,,,,,,,,,,,,,0.26
142,21.1330901195258,21.2831098526508,21.5635236684546,21.5635236684546,21.3293805817234,21.3293805817234,21.3165404322559,22.1440421558486,17.1940308828384,18.6941922799569,22.2067309840958,22.2067309840958,15.876027147873,16.9532996493308,11.4135745496317,11.4135745496317,10.3931180114535,11.6341027157233,10.2917855107848,11.3534626436167,10.1972259463052,11.387191093505,10.4546978435534,11.728702997348,10.4001094705777,11.7491056255359,10.4414628285504,11.650510933002,I,,,TRUE,"","",,,"",,TRUE,b6,,,"","",,"","","","","",,,,,,,,,,,,,,0.21
143,21.1006902967652,23.2381235257927,21.151454914497,23.28675788941,21.2547183232335,23.4892479658247,22.4371948558638,24.8241948912749,16.7379406738105,17.6497287514568,22.2275332414553,24.8129954056337,15.1076048068514,16.8384844923764,11.3054768143586,14.3896497872603,8.53115185657834,9.96021048974368,8.43875115168115,9.42293484005912,8.39564506157805,9.71844951625516,8.49133334641858,9.81241952833245,8.5356364730464,9.83452093393471,8.5664497313648,10.0291971263905,E,,,TRUE,"","",,,"",,TRUE,b6,,,"","",,"","","","","",,,,,,,,,,,,,,0.12
144,17.3466148859079,17.3466148859079,17.5355742135808,17.5355742135808,17.344327285888,17.344327285888,18.7089428081867,18.7089428081867,12.7500342744637,12.7500342744637,18.7426079828822,18.7426079828822,11.2816863101223,11.2816863101223,10.3336193562565,10.3336193562565,4.70658984828719,5.82781399840455,4.56929961810341,5.68475461211827,4.78257179768376,5.60123647063753,4.7135249018118,5.94830042953448,4.65894644742779,5.96066732841215,4.72265031523615,5.88436674587844,T,,,TRUE,"","",,,"",,TRUE,L10,,,"","",,"","","",Mg2+/N,"",,,,,,TRUE,,,,,,,,0.32
145,15.4206039440743,16.4087250875868,14.9763776995641,16.1739606157552,15.8140789804528,17.4905997038409,16.9692602667294,18.3684802855326,11.1675746247787,14.0553649899247,17.1020261665102,19.1508020980846,10.3731116835788,12.1035261804154,7.44512216152294,8.93068334451513,3.44176422783432,3.62768838242758,3.39668794563174,3.69879520925395,3.24791902608424,3.63877039671371,3.37401037342803,3.70574068169914,3.49708693057522,3.73525233418038,3.53221361188703,3.62901212453197,S,,,TRUE,"","",,,"",,TRUE,L10,,,"","",,"","","",Mg2+/N,"",,,,,,TRUE,,,,,,,,0
146,11.8682818048781,11.8682818048781,11.3138538968824,11.8384742682493,12.3485421811645,12.3485421811645,13.3337829965843,13.6279786101975,7.7033595268558,8.7833218089741,14.2055856619852,14.3337074408542,7.19280369536108,7.19280369536108,5.59568762530576,8.63973170879744,2.7819464408935,3.66168758907693,2.64276881319574,3.49748895637999,2.78737941443213,3.8193986437658,2.78503734265808,3.70455044506078,2.92918930764128,3.77881317347127,2.973500294266,3.56599803701572,A,,,TRUE,"","",,,"",,TRUE,L10,,,"","",,"","","",Mg2+/N,"",,,,,,TRUE,,,,,,,,0
147,13.4441320285097,13.9795108998849,11.9202081357668,11.9202081357668,14.4529016463823,15.2596737186612,14.7840931409404,15.2888072458253,9.48432786232108,11.5159724296301,16.2439304972657,17.0449605455689,8.19997103653421,9.27145328414052,4.15202661359486,6.79372688588525,3.53833378866381,3.8287215882067,3.57833564663797,3.77076238975622,3.80283368029684,3.86374132156903,3.52850974208659,3.75550436026907,3.64853847451277,3.92178288537242,3.50306294548072,3.76458988470193,K,,,TRUE,"","",,,"",,TRUE,L10,,,"","",,"","","",Mg2+/N,ubiquitylation,,,,,,TRUE,,,,,,,,0.03
148,15.7128719844591,17.9639193384963,14.8636736374289,17.0731821872784,16.7257329286343,19.1081851309851,16.8285461641819,19.1821304604051,11.4703846927642,14.6615827590339,17.5850496160801,19.8112511719982,10.1553220529927,13.5196671926494,5.1192923339071,6.36625989101922,5.73028882343639,6.84971751242341,5.81081663796062,6.75501894890014,5.89672459930087,6.70295300595193,5.62698213965533,6.66587983690075,5.80139724549181,6.97324221578456,5.65028822273696,6.7627312529776,T,,,TRUE,"","",,,"",,TRUE,a5,,,"","",,"","","",Mg2+/N,nitrosylation,,,,,,,,,,,,,,0.6
149,11.0950687244379,12.2735858248517,11.920839148315,11.920839148315,13.0239479805472,13.0239479805472,11.9168107310639,12.8183554717444,8.0621990176378,9.01058499765692,12.2743834875728,12.2743834875728,10.0031423562799,10.8725573808557,2.87449978257087,2.87449978257087,6.92089228351374,9.03399009297664,6.99884026107183,9.07156226898101,7.0447529410193,9.13203695787528,6.76270485826492,8.8782041539942,7.12118122224115,9.35794961516677,6.88185817930012,9.04005337373624,R,,,TRUE,"","",,,"",,TRUE,a5,,,"","",,"","","","","",,,,,,,,,,,,,,0.63
150,17.3611143651553,19.7356829625934,17.302602578803,19.4417597454551,18.1381878918485,20.1471925587661,18.6480031638779,21.3516917596709,14.2155708291999,17.1941154468615,18.5500952827742,20.9244797784796,13.0366776442466,15.2792693542591,6.67540598016331,8.33431250913955,7.25287777368404,8.00641954933665,7.26755055021979,8.21818069891384,7.16694195595304,7.71953334081796,7.26023456921331,7.97659432339391,7.39368710455075,8.23774325892717,7.22926095807865,8.28329716960583,Q,,,TRUE,"","",,,"",,TRUE,a5,,,"","",,"","","","","",,,,,,,,,,,,,,0.22
151,17.5928472112958,19.0671933173186,18.626350850341,19.8350177716079,18.0492380448594,19.386496408583,18.3806301306566,20.1598783974507,16.2606742172642,17.5078357885834,18.5977534664808,19.8559821212651,14.6741260046382,15.5128242109553,6.79787510917934,7.28768893408604,9.48235614180358,9.7953775833298,9.53162069115215,9.91728460819795,9.37311789107553,9.77909126657483,9.46465382356903,9.89436627581575,9.63197227986045,9.97840648600767,9.50669811238371,9.93922451703352,G,,,TRUE,R_KRas4A,"",,,"",,TRUE,a5,,,"","",,"","","","","",,,,,,,,,,,,,,0.44
152,12.6845512731038,12.9875679786479,13.6711766135911,13.6711766135911,13.1990195090393,13.1990195090393,13.7547340214197,14.094071200331,12.1732501411907,12.5088493875336,13.6129158522339,13.6129158522339,11.0174459381474,11.0174459381474,5.97739031685234,5.97739031685234,7.42688864868728,7.42688864868728,7.04368184971467,7.04368184971467,7.12844842865542,7.12844842865542,7.2126278844815,7.2126278844815,7.17268248286511,7.17268248286511,7.51876512467308,7.51876512467308,V,,,TRUE,"","",,,"",,TRUE,a5,,,"","",,"","","","","",,,,,,,,,,,,,,0.24
153,13.2137436784584,14.5455054570132,14.3755454157399,14.3755454157399,15.7737492372613,16.2371527368563,14.7832501500854,14.8300112609532,16.0665825239844,17.4896359024423,14.4967341494559,14.4967341494559,14.8573746671476,16.6826624074217,2.93534665755172,2.93534665755172,11.7234593870581,13.7700593317531,11.4139140525939,13.7344838272139,11.4098156865043,13.7265190780474,11.5717554848001,13.8720473254671,11.6423622173509,13.9355166750286,11.8860472824232,14.0971621612295,D,,,TRUE,"E_KRas4A,E_HRas,E_NRas","",,,"",,TRUE,a5,,,"","",,"","","","","",,,,,,,,,,,,,,0
154,17.6493338684495,20.7564095642768,18.0291764925634,20.3497965837499,18.0970807866904,20.3730965000414,17.712480176418,20.3948220389392,18.5437321216631,20.2402733430159,18.8751300392871,21.0783938192643,17.0816570917461,18.2189195343742,6.67558641618847,8.21534235440009,13.3167077763237,13.732288410895,10.6746050512419,10.6746050512419,13.049720993186,13.5933530079962,13.3280934120376,13.6834238770857,13.3519528534219,13.6815040474357,13.5430728418627,13.5943547842478,D,,,TRUE,"","",,,"",,TRUE,a5,,,"","",,"","","","","",,,,,,,,,,,,,,0.31
155,17.6340373993025,17.8458268511156,17.3742106007726,17.710995172491,17.6497476752502,17.6497476752502,16.6551204738963,18.2496279414129,15.6414002889767,15.6414002889767,18.378362984771,18.4678507953687,14.6737799492837,14.6737799492837,9.18512912266344,10.5804438942797,11.2527313573194,11.2527313573194,11.2143886592181,11.2143886592181,11.1167304545896,11.1167304545896,11.1946028513744,11.1946028513744,11.440441643573,11.440441643573,11.2955228741303,11.2955228741303,A,,,TRUE,"","",,,"",,TRUE,a5,,,"","",,"","","","","",,,,,,,,,,,,,,0.45
156,12.4709856466921,12.5602637313076,11.9827876973599,11.9827876973599,12.0013150112811,12.0013150112811,11.3069122221763,12.6060066238282,10.1910756056463,10.1910756056463,12.7461480848137,12.8653858861676,10.5221179426958,10.5221179426958,9.53584075999594,9.53584075999594,10.431031300883,10.431031300883,10.9244839695063,10.9244839695063,10.4084362418185,10.4084362418185,10.4900595803837,10.4900595803837,10.4276627294902,10.4276627294902,10.5343474880982,10.5343474880982,F,,,TRUE,"","",,,"",,TRUE,a5,,,"","",,"","","","","",,,,,,,,,,,,,,0.02
157,14.7980454114724,15.8943673670895,14.0091733874629,14.0091733874629,13.8153623911934,13.8153623911934,13.0409461696611,13.0409461696611,16.5006483508982,16.7562413446453,15.580190306925,15.580190306925,16.3097297954319,16.3097297954319,6.33853374212049,6.33853374212049,16.1195351359771,16.9892129599932,15.9166025897489,16.7766110105706,15.9392723171417,16.9819896655251,15.9833946644635,17.1061390149852,16.0467963157759,16.9210397730163,16.1253495776061,17.1196088156243,Y,,,TRUE,"","",,,"",,TRUE,a5,,,"","",,"","","","","",,,,,,,,,,,,,,0
158,19.7240579242711,21.6208771561193,18.6659221845587,20.9273235030187,19.2922965195956,21.3995356958977,18.1772029476485,21.1159110861928,18.4051903005647,19.8703562625334,19.0859573770875,21.2015444248762,18.6532944543317,20.141906215649,11.6762890508928,11.99393196579,16.9190494413841,16.9190494413841,13.5113439005896,13.5113439005896,16.7958085842867,16.7958085842867,16.9688290108658,16.9688290108658,17.1627696482823,17.1627696482823,16.7961951941504,16.7961951941504,T,,,TRUE,"","",,,"",,TRUE,a5,,,"","",,"","","","","",,,,,,,,,,,,,,0.21
159,16.5732340235695,16.5732340235695,15.5987256851321,15.5987256851321,15.8872557101596,16.9370084135304,15.7077215088631,16.247246197433,13.0645897754197,13.0645897754197,14.5309476979308,14.5309476979308,13.4021722119961,13.4021722119961,13.8941562536197,14.8755091341439,14.936306538097,14.936306538097,15.1635063886952,15.1635063886952,15.1276495200015,15.1276495200015,14.8330856196545,14.8330856196545,15.1632921557292,15.1632921557292,14.8781351317966,14.8781351317966,L,,,TRUE,"","",,,"",,TRUE,a5,,,"","",,"","","","","",,,,,,,,,,,,,,0.15
160,15.6444216575749,15.6444216575749,13.7976299776447,13.7976299776447,15.076361994858,15.1131617142145,14.3488999229906,15.3595975858744,14.1270261909575,14.1270261909575,14.4257543650237,14.4257543650237,14.3260822278807,14.3260822278807,11.1953294279356,11.1953294279356,19.1412014774413,19.2511112406531,19.6016093982101,19.764692256648,19.0645384156029,19.0645384156029,19.0847718875548,19.0847718875548,19.2414340681769,19.2414340681769,19.184872217453,19.6565290170976,V,,,TRUE,"","",,,"",,TRUE,a5,,,"","",,"","","","","",,,,,,,,,,,,,,0
161,20.1940524660109,21.8248405950651,18.2177571890724,19.3851940150208,19.5625517251712,21.1960125259446,18.8363168905176,20.5263512831677,18.2451723751791,20.6518896471969,18.0544739607666,20.5034675116186,18.51861838799,20.9066547060978,10.5365799479717,10.5365799479717,19.5573411536436,19.5573411536436,14.9325786453646,14.9325786453646,19.9154200056137,19.9154200056137,19.5112937039039,19.5112937039039,19.890840002373,19.890840002373,19.5216348956741,19.5216348956741,R,,,TRUE,"","",,,"",,TRUE,a5,,,"","",,"","","","","",,,TRUE,,,,,,,,,,,0
162,21.1111232292363,22.3820436287663,20.36873842436,20.9676223735549,20.9069630984512,22.1341782996343,20.7740210358996,21.7776482660548,18.9498459360492,19.1350303109245,18.2638673341656,19.1969358492443,19.6034953515948,19.6034953515948,16.4641918416909,18.0101116320805,20.7805641165008,20.7805641165008,17.210735632157,17.210735632157,20.7353843706838,20.7353843706838,20.9936166012433,20.9936166012433,19.3362214250872,19.3362214250872,20.7641401459343,20.7641401459343,E,,,TRUE,"","",,,"",,TRUE,a5,,,"","",,"","","","","",,,TRUE,,,,,,,,,,,0.39
163,16.0020082802128,16.0020082802128,14.9515461073429,14.9515461073429,15.9975848489702,15.9975848489702,16.0646766229514,16.0646766229514,13.4584419974973,13.4584419974973,13.0078860696118,13.0078860696118,14.1558559260823,14.1558559260823,15.4654954333833,16.3690462153419,19.4773756189072,19.4773756189072,19.9803116592309,19.9803116592309,19.1890327531119,19.1890327531119,19.3837607548174,19.3837607548174,19.5215196642065,19.5215196642065,19.5751114939354,19.5751114939354,I,,,TRUE,"","",,,"",,TRUE,a5,,,"","",,"","","","","",,,TRUE,,,,,,,,,,,0.19
164,18.2201734624015,18.2201734624015,14.8555003618188,14.8555003618188,18.1254621458323,18.1254621458323,20.3094632622332,20.8794085404735,18.3310997215115,18.3310997215115,17.3971772710403,17.7907259548339,18.3125709281903,18.3125709281903,10.5438761373605,10.5438761373605,24.3505008367385,24.8357647556905,21.5676996919004,21.5676996919004,24.3021656236641,24.9458829669346,24.323712566136,25.2048897041824,24.5439024810644,25.9312786803891,24.5587154590789,25.9841533246708,R,,,TRUE,"","",,,"",,TRUE,a5,,,"","",,"","","","","",,,TRUE,,,,,,,,,,,0.02
165,22.1125643243836,24.1548128951561,21.5462168373012,24.3315265858926,21.2930567321839,23.7095425092936,23.2212582346435,25.1807228450654,21.3942196165226,23.3553611190236,,,21.8184397471497,23.8936178507986,18.1569773916255,18.1569773916255,25.2940281489525,25.2940281489525,20.9284181437585,20.9284181437585,24.4427312712798,24.4427312712798,25.0523876905975,25.0523876905975,26.709841931393,27.5655463214499,,,K,,,TRUE,"Q_KRas4A,Q_HRas,Q_NRas","",,,"",,TRUE,a5,,,"","",,"","","","","",,,TRUE,,,,,,,,,,,0.28
166,19.8786464579458,19.8786464579458,,,15.6548600760275,15.6548600760275,21.6449525987007,21.6449525987007,14.9249950418752,14.9249950418752,,,16.0039471693704,16.0039471693704,16.6592557756942,17.6614865172782,24.9986053410985,24.9986053410985,,,25.1412873576514,25.1412873576514,25.1358140707637,25.1358140707637,25.2206073876106,25.2206073876106,,,H,,,TRUE,"Y_KRas4B,Y_NRas","",,,"",,TRUE,a5,,,"","",,"","","","","",,,TRUE,,,,,,,,,,,0.72
167,14.8735855461956,14.8735855461956,,,,,18.6253955931143,18.6253955931143,,,,,,,,,25.930209871885,25.930209871885,,,,,25.3559278276304,25.3559278276304,,,,,K,,,TRUE,"","",,,"",,,HVR,,,"","",,"","","","","",,,,,,,,,,,,,,0.52
168,,,,,,,,,,,,,,,,,,,,,,,,,,,,,E,,,TRUE,"","",,,"",,,HVR,,,"","",,"","","","","",,,,,,,,,,,,,,0.59
169,,,,,,,,,,,,,,,,,,,,,,,,,,,,,K,,,TRUE,"","",,,"",,,HVR,,,"","",,"","","","","",,,,,,,,,,,,,,
170,,,,,,,,,,,,,,,,,,,,,,,,,,,,,M,,,TRUE,"","",,,"",,,HVR,,,"","",,"","","","","",,,,,,,,,,,,,,
171,,,,,,,,,,,,,,,,,,,,,,,,,,,,,S,,,TRUE,"","",,,"",,,HVR,,,"","",,"","","","","",,,,,,,,,,,,,,
172,,,,,,,,,,,,,,,,,,,,,,,,,,,,,K,,,TRUE,"","",,,"",,,HVR,,,"","",,"","","","","",,,,,,,,,,,,,,
173,,,,,,,,,,,,,,,,,,,,,,,,,,,,,D,,,TRUE,"","",,,"",,,HVR,,,"","",,"","","","","",,,,,,,,,,,,,,
174,,,,,,,,,,,,,,,,,,,,,,,,,,,,,G,,,TRUE,"","",,,"",,,HVR,,,"","",,"","","","","",,,,,,,,,,,,,,
175,,,,,,,,,,,,,,,,,,,,,,,,,,,,,K,,,TRUE,"","",,,"",,,HVR,,,"","",,"","","","","",,,,,,,,,,,,,,
176,,,,,,,,,,,,,,,,,,,,,,,,,,,,,K,,,TRUE,"","",,,"",,,HVR,,,"","",,"","","","","",,,,,,,,,,,,,,
177,,,,,,,,,,,,,,,,,,,,,,,,,,,,,K,,,TRUE,"","",,,"",,,HVR,,,"","",,"","","","","",,,,,,,,,,,,,,
178,,,,,,,,,,,,,,,,,,,,,,,,,,,,,K,,,TRUE,"","",,,"",,,HVR,,,"","",,"","","","","",,,,,,,,,,,,,,
179,,,,,,,,,,,,,,,,,,,,,,,,,,,,,K,,,TRUE,"","",,,"",,,HVR,,,"","",,"","","","","",,,,,,,,,,,,,,
180,,,,,,,,,,,,,,,,,,,,,,,,,,,,,K,,,TRUE,"","",,,"",,,HVR,,,"","",,"","","","","",,,,,,,,,,,,,,
181,,,,,,,,,,,,,,,,,,,,,,,,,,,,,S,,,TRUE,"","",,,"",,,HVR,,,"","",,"","","","",phosphorylation,,,,,,,,,,,,,,
182,,,,,,,,,,,,,,,,,,,,,,,,,,,,,K,,,TRUE,"","",,,"",,,HVR,,,"","",,"","","","","",,,,,,,,,,,,,,
183,,,,,,,,,,,,,,,,,,,,,,,,,,,,,T,,,TRUE,"","",,,"",,,HVR,,,"","",,"","","","","",,,,,,,,,,,,,,
184,,,,,,,,,,,,,,,,,,,,,,,,,,,,,K,,,TRUE,"","",,,"",,,HVR,,,"","",,"","","","","",,,,,,,,,,,,,,
185,,,,,,,,,,,,,,,,,,,,,,,,,,,,,C,,,TRUE,"","",,,"",,,HVR,,,Farnesylated cysteines,"",,"","","","","",,,,,,,,,,,,,,
186,,,,,,,,,,,,,,,,,,,,,,,,,,,,,V,,,TRUE,"","",,,"",,,HVR,,,"","",,"","","","","",,,,,,,,,,,,,,
187,,,,,,,,,,,,,,,,,,,,,,,,,,,,,I,,,TRUE,"","",,,"",,,HVR,,,"","",,"","","","","",,,,,,,,,,,,,,
188,,,,,,,,,,,,,,,,,,,,,,,,,,,,,M,,,TRUE,"","",,,"",,,HVR,,,"","",,"","","","","",,,,,,,,,,,,,,
